■ 기간별 박스오피스,,,,,,,,,,,,,,,,,
- 조회일: 2021-08-06,,,,,,,,,,,,,,,,,
- 출처: 영화진흥위원회 통합전산망 (http://www.kobis.or.kr),,,,,,,,,,,,,,,,,
▶ 검색조건 [ 조회기간: 2003-01-01~2004-12-31   영화구분: 전체   국적: 전체   지역: 전체   제작사 : 전체   배급사 : 전체   감독명 : 전체   배우명 : 전체   등급별 : 전체   장르별 : 전체 ],,,,,,,,,,,,,,,,,
순위,영화명,개봉일,매출액 ,매출액,누적매출액 ,관객수 ,누적관객수 ,스크린수 ,상영횟수 ,대표국적 ,국적 ,제작사 ,배급사 ,등급 ,장르 ,감독 ,배우 
,,,,점유율 ,,,,,,,,,,,,,
1,태극기 휘날리며,2004-02-05,"15,687,180,500",3.5%,"15,687,180,500","2,544,911","2,544,911",115,"22,375",한국,한국,강제규필름,"(주)다자인소프트,(주)쇼박스",15세관람가,"전쟁,드라마",강제규,"장동건,원빈,이은주,공형진,조원희,이장욱,이영란,정희준,박유신,김효열,김효준,최재혁,이건우,박태원,배상철,김범주,한선랑,이동혁,한재민,지중현,김대영,민지혁,이호천,임동빈,김재중,박성희,임성택,정승진,이정훈,오명준,이기수,김용현,이주원,이환희,장민호,정호빈,박길수,박동빈,안길강,김해곤,권태원,최교식,조운,전승재"
2,트로이,2004-05-21,"12,777,346,000",2.8%,"12,777,346,000","2,001,293","2,001,293",177,"21,245",미국,미국,"플랜 비 엔터테인먼트,워너 브러더스 픽쳐스",워너브러더스 코리아(주),15세관람가,사극,볼프강 페터젠,"다이앤 크루거,올랜도 블룸,에릭 바나"
3,내 머리 속의 지우개,2004-11-05,"11,919,939,500",2.6%,"11,919,939,500","1,885,827","1,885,827",206,"29,532",한국,한국,(주)싸이더스,CJ ENM,12세관람가,멜로/로맨스,이재한,"정우성,손예진,데이비드 맥기니스,김부선,정광재,최기호,박경진,장재용,전은희,이영필,박윤희,이정인,신현탁,김중기,권병길,진용욱,정민성,최교식"
4,귀신이 산다,2004-09-17,"11,898,748,500",2.6%,"11,898,748,500","1,875,936","1,875,936",174,"27,936",한국,한국,(주)시네마서비스,(주)시네마서비스,12세관람가,"코미디,공포(호러),판타지",김상진,"김응수,장서희,차승원,김서현,최기웅,유대현,김성미,태인호,임상란,장승현,김정우,김양진,이종화,박성웅,장항선,윤문식,오정세,황석정,윤제문,이도겸,이미은"
5,투모로우,2004-06-03,"11,658,584,500",2.6%,"11,658,584,500","1,830,767","1,830,767",164,"22,881",미국,미국,"센트로폴리스 엔터테인먼트,더 마크 고든 컴퍼니",이십세기폭스필름코퍼레이션,12세관람가,SF,롤랜드 에머리히,"데니스 퀘이드,제이크 질렌할,이안 홈"
6,우리 형,2004-10-08,"11,090,682,500",2.4%,"11,090,682,500","1,778,607","1,778,607",211,"29,282",한국,한국,(주)진인사필름,CJ ENM,15세관람가,드라마,안권태,"원빈,조성제,신하균,김해숙,김석,김정태,이보영,박인혜,김범기,이상직,조진웅,정호빈,김광규"
7,해리포터와 아즈카반의 죄수,2004-07-16,"10,926,127,000",2.4%,"10,926,127,000","1,775,031","1,775,031",228,"18,247",미국,미국,워너브러더스사㈜,워너브러더스 코리아(주),전체관람가,드라마,알폰소 쿠아론,"다니엘 래드클리프,엠마 왓슨,루퍼트 그린트"
8,실미도,2003-12-24,"10,923,920,500",2.4%,"10,923,920,500","1,719,165","1,719,165",51,"14,332",한국,한국,(주)시네마서비스,(주)시네마서비스,15세관람가,전쟁,강우석,"설경구,안성기,허준호,정재영,임원희,강성진,강신일,이도겸,엄태웅,김강우,이효정,석재승,김문희,신성호,최진,심정운,박진수,주경탁,백성기,김봉식,최명규,전병윤,유상섭,이성원,임경호,김진휘,윤효석,이경근,조민준,류제승"
9,슈렉2,2004-06-18,"10,798,690,500",2.4%,"10,798,690,500","1,661,916","1,661,916",174,"22,853",미국,미국,드림웍스픽쳐스,CJ ENM,전체관람가,애니메이션,"캘리 애스버리,앤드류 아담슨,콘래드 베논","마이크 마이어스,카메론 디아즈,에디 머피"
10,스파이더맨 2,2004-06-30,"9,632,422,500",2.1%,"9,632,422,500","1,506,199","1,506,199",198,"18,165",미국,미국,콜럼비아트라이스타,한국소니픽쳐스릴리징브에나비스타영화㈜,12세관람가,SF,샘 레이미,"토비 맥과이어,커스틴 던스트"
11,바람의 파이터,2004-08-12,"9,158,945,500",2.0%,"9,158,945,500","1,442,299","1,442,299",110,"15,895",한국,한국,아이비젼엔터테인먼트(주),영화사청어람(주),12세관람가,액션,양윤호,"양동근,히라야마 아야,허명행,정두홍,송혁재,주경탁,김대우,김규현,이호식,김순재,김영주,양길영,이경원,정태우,이한솔,염혜란,한이진"
12,오페라의 유령,2004-12-08,"8,691,600,500",1.9%,"8,691,600,500","1,368,508","1,368,508",221,"17,699",미국,미국,워너 브러더스 픽쳐스,"(주)팝엔터테인먼트,(주)드림팩트엔터테인먼트,CJ ENM","12세이상관람가,12세관람가","뮤지컬,드라마",조엘 슈마허,"제라드 버틀러,에미 로섬,패트릭 윌슨,미란다 리차드슨"
13,내 여자친구를 소개합니다,2004-06-03,"8,329,341,500",1.8%,"8,329,341,500","1,298,666","1,298,666",185,"19,289",한국,한국,(주)아이필름홀딩스,"CJ ENM,아이러브시네마",15세관람가,"멜로/로맨스,드라마",곽재용,"전지현,장혁,김정태,정호빈,오정세,김창완,김광규,최주현,정한철,안수라,배재일,권영빈,백경찬,한지빈,원태운,장원식,윤선희,임종식,이호경,송윤희,김희영,안호완,박윤희,박윤희,이기우,정보름,우기홍,서동원"
14,늑대의 유혹,2004-07-22,"8,025,959,500",1.8%,"8,025,959,500","1,297,296","1,297,296",123,"12,777",한국,한국,(주)싸이더스,(주)쇼박스,12세관람가,드라마,김태균,"강동원,이청아,조한선,이명수,정혜영,김현진,박용두,조인형,박진희,정다혜,김보연,김응수,남정희"
15,가족,2004-09-03,"8,051,239,500",1.8%,"8,051,239,500","1,270,581","1,270,581",104,"25,473",한국,한국,튜브픽쳐스(주),(주)튜브엔터테인먼트,15세관람가,드라마,이정철,"수애,주현,박지빈,박희순,박상영,정욱,박상우,오현수,전국환"
16,시실리 2km,2004-08-13,"8,049,487,000",1.8%,"8,049,487,000","1,263,196","1,263,196",86,"16,919",한국,한국,한맥영화(주),(주)쇼박스,15세관람가,코미디,신정원,"권오중,김윤석,임은경,임창정,주진모,최원석,정소연,이재민,변희봉,우현,신이,박명신,최원영"
17,"아이, 로봇",2004-07-30,"7,097,789,000",1.6%,"7,097,789,000","1,108,063","1,108,063",117,"12,827",미국,미국,"이십세기폭스필름코퍼레이션,데이비스 엔터테인먼트 필름웍스",이십세기폭스필름코퍼레이션,12세관람가,SF,알렉스 프로야스,"윌 스미스,브리짓 모나핸"
18,S 다이어리,2004-10-22,"7,024,070,500",1.5%,"7,024,070,500","1,098,583","1,098,583",169,"20,150",한국,한국,(주)아이필름홀딩스,"CJ ENM,아이러브시네마",15세관람가,코미디,권종관,"공유,김광일,홍윤희,최우혁,이현우,이하나,김수로,김선화,김선아,김미경,최철수,안현주,서상우,임재연,오주은,이찬호,이철호,이충신,이찬호"
19,알포인트,2004-08-20,"6,792,339,000",1.5%,"6,792,339,000","1,068,087","1,068,087",100,"15,833",한국,한국,씨앤필름(주),(주)시네마서비스,15세관람가,전쟁,공수창,"감우성,손병호,박원상,오태경,이선균,손진호,문영동,정경호,김병철,기주봉,신진우,최차남,황성진,조현수,이동운,한종훈,곽성훈,이호용,정용훈,이수성,양희선,이은혜,김완식,오현수,안내상"
20,주홍글씨,2004-10-29,"6,648,786,000",1.5%,"6,648,786,000","1,030,259","1,030,259",190,"18,777",한국,한국,(주)엘제이필름,(주)쇼박스,18세관람가,"스릴러,멜로/로맨스",변혁,"성현아,한석규,이은주,변혁,엄지원,김중기,정인기"
21,연인,2004-09-10,"6,644,463,500",1.5%,"6,644,463,500","1,027,354","1,027,354",157,"16,630",중국,중국,"에드코필름,장예모 스튜디오",쇼이스트(주),12세관람가,"멜로/로맨스,액션",장예모,"금성무,유덕화,장쯔이"
22,브리짓 존스의 일기2 : 열정과 애정,2004-12-08,"6,622,706,500",1.5%,"6,622,706,500","1,022,262","1,022,262",132,"16,082",영국,영국,"워킹 타이틀 필름,유니버셜 픽쳐스",UIP코리아,15세관람가,"멜로/로맨스,드라마",비번 키드론,"르네 젤위거,휴 그랜트,린 콜린스"
23,어린 신부,2004-04-02,"6,240,174,500",1.4%,"6,240,174,500","991,674","991,674",70,"12,895",한국,한국,(주)컬처캡미디어,코리아픽쳐스(주),12세관람가,코미디,김호준,"김래원,김보경,안선영,문근영,진경,김혜옥,김인문,한진희,송기윤,선우은숙,신세경,최장헌,박준석,박진우,유순일,임관우,장미희,김용환,류덕환,전원주,윤서현"
24,터미널,2004-08-27,"6,377,300,000",1.4%,"6,377,300,000","986,903","986,903",127,"13,929",미국,미국,,CJ ENM,전체관람가,드라마,스티븐 스필버그,"톰 행크스,캐서린 제타-존스"
25,하울의 움직이는 성,2004-12-23,"6,019,224,000",1.3%,"6,019,224,000","965,797","965,797",176,"8,749",일본,일본,지브리 스튜디오,"(주)이수C&E,(주)시네마서비스",전체관람가,애니메이션,미야자키 하야오,"바이쇼 치에코,기무라 다쿠야"
26,나비효과,2004-11-12,"6,259,548,500",1.4%,"6,259,548,500","957,116","957,116",108,"16,973",미국,미국,필름엔진,(주)쇼박스,18세관람가,드라마,"에릭 브레스,J. 마키에 그러버","에이미 스마트,애쉬튼 커처,에릭 스톨츠,윌리엄 리 스콧,엘든 헨슨"
27,역도산,2004-12-15,"6,050,131,500",1.3%,"6,050,131,500","951,646","951,646",223,"14,789",한국,한국,"(주)싸이더스,㈜싸이더스픽쳐스",CJ ENM,12세관람가,드라마,송해성,"설경구,이명수,유병훈"
28,범죄의 재구성,2004-04-15,"6,132,904,000",1.4%,"6,132,904,000","942,198","942,198",73,"11,397",한국,한국,(주)싸이더스,(주)쇼박스,18세관람가,스릴러,최동훈,"김윤석,박신양,주진모,염정아,이기철,백윤식,이문식,천호진,박원상,김상호,성소원,송현정,한지선,서종해,김선태,이호원,박세환,오형진,이경헌,이인성,이현정,임하룡,정석원,윤다경,조희봉,김기천,손병욱"
29,반 헬싱,2004-07-30,"5,586,373,000",1.2%,"5,586,373,000","872,828","872,828",98,"9,790",미국,미국,유니버셜 픽쳐스,(주)스튜디오이쩜영,15세관람가,액션,스티븐 소머즈,"케이트 베킨세일,휴 잭맨,리차드 록스버그"
30,이프 온리,2004-10-29,"5,518,745,500",1.2%,"5,518,745,500","859,051","859,051",82,"17,831",미국,미국,"인터미디어필름,아웃로 프로덕션즈,테이피스트리 필름","유니코리아문예투자(주),CJ ENM",15세관람가,"코미디,드라마,판타지,멜로/로맨스",길 정거,"제니퍼 러브 휴잇,폴 니콜스"
31,여선생 VS 여제자,2004-11-17,"5,261,476,506",1.2%,"5,261,476,506","846,020","846,020",182,"20,893",한국,한국,(주)좋은영화,CJ ENM,15세관람가,코미디,장규성,"김응수,이지영,이지훈,이세영,염정아,정형민,김혜경,황경애,최란,오은석,최윤정,이정헌,이원종,변희봉,신현종,김정영,전국향,최정인"
32,패션 오브 크라이스트,2004-04-02,"5,338,827,500",1.2%,"5,338,827,500","841,006","841,006",66,"9,902",미국,미국,아이콘프로덕션,"(주)이수C&E,이십세기폭스필름코퍼레이션",15세관람가,드라마,멜 깁슨,"제임스 카비젤,모니카 벨루치,마이아 모겐스턴"
33,아라한 장풍대작전,2004-04-30,"5,207,905,000",1.1%,"5,207,905,000","810,406","810,406",82,"12,593",한국,한국,(주)싸이더스,(주)시네마서비스,12세관람가,"액션,드라마",류승완,"류승범,윤소이,안성기,김수현,김지영,허명행,김효선,심재원,도영훈,이무룡,윤도현,장혁진,정두홍,권승구,이춘영,임하룡,유순철,이대연,안길강,윤주상,권범택"
34,킹 아더,2004-07-23,"5,137,581,500",1.1%,"5,137,581,500","807,850","807,850",104,"9,335",미국,미국,"제리 브룩하이머 필름,월트디즈니코리아㈜",한국소니픽쳐스릴리징브에나비스타영화㈜,15세관람가,사극,안톤 후쿠아,"스티븐 딜레인,클라이브 오웬,이안 그루퍼드"
35,내 남자의 로맨스,2004-07-16,"4,895,975,500",1.1%,"4,895,975,500","765,720","765,720",102,"9,658",한국,한국,메이필름(주),CJ ENM,12세관람가,드라마,박제현,"김상경,박동빈,김정은,이유진,신영미,김희은,안준우,이광재,서광재,박솔,엄기욱,최이영,엄기욱,맹상훈,지대한,한재영,정희태"
36,효자동 이발사,2004-05-05,"4,855,872,900",1.1%,"4,855,872,900","748,380","748,380",83,"10,745",한국,한국,영화사청어람(주),(주)쇼박스,15세관람가,드라마,임찬상,"문소리,송강호,주진모,이재응,오달수,노형욱,류승수,정세인,김민석,최한철,채성민,민봉기,손병호,박길수,조영진,정대용,윤주상,김경룡,최홍일,최교식,오창경"
37,아는 여자,2004-06-25,"4,686,101,500",1.0%,"4,686,101,500","736,296","736,296",81,"10,941",한국,한국,필름있수다,(주)시네마서비스,15세관람가,드라마,장진,"이나영,정재영,이민정,이상민,조은정,지상용,이은석,김준혁,임하룡,조덕현,장영남,이철민,최일화"
38,"달마야, 서울 가자",2004-07-09,"4,469,579,500",1.0%,"4,469,579,500","703,507","703,507",128,"10,918",한국,한국,"(주)타이거픽쳐스,(주)씨네월드",(주)시네마서비스,15세관람가,코미디,육상효,"김지영,신현준,유해진,이성호,정진영,윤지연,이원종,김만수,홍성훈,박진,박찬민,하상호,임철민,공유석,김성구,이준회,신정근,정한용,전소현,염동헌,박윤호"
39,반지의 제왕 : 왕의 귀환,2003-12-17,"4,352,623,000",1.0%,"4,352,623,000","700,596","700,596",44,"4,925",미국,미국,,"워너브러더스 코리아(주),CJ ENM",12세관람가,"판타지,어드벤처",피터 잭슨,"비고 모텐슨,일라이저 우드,이안 맥켈런,숀 애스틴,리브 타일러,올랜도 블룸,숀 빈,빌리 보이드,케이트 블란쳇,휴고 위빙"
40,신부수업,2004-08-05,"4,255,753,000",0.9%,"4,255,753,000","675,521","675,521",113,"9,931",한국,한국,기획시대(주),코리아픽쳐스(주),12세관람가,"드라마,멜로/로맨스",허인무,"하지원,권상우,김도형,오대환,김유나,김선화,김인권,김인문,김미연,진이한,남진호,김도현,박경숙,이상현,김순옥,김지나,박효준,김일우,천우희,홍인"
41,블레이드 3,2004-12-15,"4,327,368,500",1.0%,"4,327,368,500","665,676","665,676",131,"10,879",미국,미국,뉴라인 시네마,(주)쇼박스,18세관람가,액션,데이빗 S. 고이어,"웨슬리 스나입스,라이언 레이놀즈"
43,슈퍼스타 감사용,2004-09-17,"4,073,017,000",0.9%,"4,073,017,000","627,199","627,199",128,"15,185",한국,한국,(주)싸이더스,CJ ENM,전체관람가,드라마,김종현,"이범수,공유,윤진서,하정우,이명수,이혁재,송민규,이대희,정석원,김상현,최봉석,이성덕,김철용,예민정,이정준,정준하,장항선,장소연,이태성,박효주,조희봉,박충선,조원동,류승수,최대훈,박용우,이람"
44,인크레더블,2004-12-15,"3,875,392,500",0.9%,"3,875,392,500","620,749","620,749",189,"11,725",미국,미국,"월트 디즈니 픽쳐스,픽사 애니메이션 스튜디오",한국소니픽쳐스릴리징브에나비스타영화㈜,전체관람가,애니메이션,브래드 버드,"홀리 헌터,크레이그 T. 넬슨,사무엘 L. 잭슨,제이슨 리"
45,분신사바,2004-08-05,"3,828,714,000",0.8%,"3,828,714,000","608,479","608,479",97,"9,877",한국,한국,(주)소프트랜드 영상 사업부 에이포스트 픽쳐스,브에나비스타인터내셔널코리아,15세관람가,공포(호러),안병기,"김규리,이유리,이세은,최정윤,안성범,이경미,최성민,모지은,김경룡"
46,말죽거리 잔혹사,2004-01-16,"3,837,152,000",0.8%,"3,837,152,000","604,969","604,969",40,"5,513",한국,한국,"(주)싸이더스,㈜싸이더스픽쳐스",CJ ENM,15세관람가,"액션,멜로/로맨스",유하,"권상우,이정진,한가인,김인권,박효준,이종혁,백봉기,안내상,조진웅,김동영,강동수,이동연,김대성,이민구,조주연,민성주,김성문,최선중,전진우,김소라,김수민,박수영,정영민,정진모,우성,김정열,양종규,이광재,이진욱,이혜선,김병춘,한재영,천호진,김부선,권태원,서동원,백주희,박혁민"
47,콜래트럴,2004-10-15,"3,752,632,000",0.8%,"3,752,632,000","576,262","576,262",114,"12,803",미국,미국,"드림웍스 SKG,파라마운트 픽쳐스",UIP코리아,15세관람가,액션,마이클 만,"톰 크루즈,제이미 폭스,제이다 핀켓 스미스,마크 러팔로"
48,투 가이즈,2004-07-09,"3,584,851,500",0.8%,"3,584,851,500","568,230","568,230",93,"8,311",한국,한국,(주)에스씨에스엔터테인먼트,쇼이스트(주),15세관람가,코미디,박헌수,"김성훈,차태현,박중훈,정환석,송남규,최정인,박한기,김병국,김경인,유소영,윤기호,김일환,정보름,이수나,김재훈,김창규,김용덕,한은정,이창용,박인환,지대한"
49,령,2004-06-17,"3,554,937,000",0.8%,"3,554,937,000","558,807","558,807",74,"8,781",한국,한국,㈜팝콘필름,(주)쇼박스,12세관람가,공포(호러),"김태경,이인규","김하늘,신이,류진,남상미,이윤지,전혜빈,김근영,최은재,김해숙,기주봉"
50,돈 텔 파파,2004-09-03,"3,481,025,000",0.8%,"3,481,025,000","558,745","558,745",81,"10,664",한국,한국,기획시대(주),CJ ENM,15세관람가,코미디,이상훈,"정웅인,유승호,채민서,이유진,천지윤,윤정,최우정,임호,이종수"
51,누구나 비밀은 있다,2004-07-30,"3,529,353,500",0.8%,"3,529,353,500","542,955","542,955",88,"7,650",한국,한국,(주)태원엔터테인먼트,(주)시네마서비스,18세관람가,"코미디,멜로/로맨스",장현수,"김효진,이병헌,추상미,최지우,임현주,황재원,최경민,임혜경,임승범,이재훈,정준하,탁재훈,김해곤,신이"
52,꽃피는 봄이 오면,2004-09-23,"3,201,626,000",0.7%,"3,201,626,000","497,689","497,689",117,"11,734",한국,한국,(주)씨즈엔터테인먼트,영화사청어람(주),12세관람가,드라마,류장하,"최민식,장신영,김호정,김강우,김동영,이민아,조명호,최태규,김기철,김길웅,이동진,김경준,박소윤,김정석,김영옥,이재응,이민아,엄효섭,최일화"
53,80일간의 세계 일주,2004-09-17,"3,016,226,000",0.7%,"3,016,226,000","477,424","477,424",104,"10,915",미국,미국,(주)쇼박스,(주)쇼박스,,"코미디,드라마,어드벤처,액션",프랑코 코라시,"성룡,세실 드 프랑스"
54,인어 공주,2004-06-30,"2,828,706,500",0.6%,"2,828,706,500","437,225","437,225",105,"8,794",한국,한국,나우필름(주),CJ ENM,전체관람가,드라마,박흥식,"전도연,박해일,고두심,김봉근,이선균,김은영,주진모,송은주,신수현,홍지현,박현두,사소인,강희정,김일종,김부선,신동환,박명신,조현숙"
55,목포는 항구다,2004-02-20,"2,673,832,500",0.6%,"2,673,832,500","425,725","425,725",25,"6,239",한국,한국,기획시대(주),코리아픽쳐스(주),15세관람가,"드라마,코미디",김지훈,"김윤태,차인표,조재현,김현정,송선미,박원서,방선진,문양식,김선애,유은아,이선규,장국환,임도기,정영호,이예은,조덕현,손병호,최덕문,이한위,김일우,기주봉,정경호,정상훈,권혁호,권태원,정인기,정희태,서병철"
56,노트북,2004-11-26,"2,736,255,500",0.6%,"2,736,255,500","423,719","423,719",101,"10,161",미국,미국,뉴라인 시네마,"(주)퍼스트런,TCO(주)더콘텐츠온,글뫼 주식회사,CJ ENM","15세관람가,15세이상관람가",멜로/로맨스,닉 카사베츠,"레이첼 맥아덤즈,라이언 고슬링"
57,빌리지,2004-09-24,"2,507,016,000",0.6%,"2,507,016,000","378,950","378,950",81,"9,005",미국,미국,터치스톤 픽처스,한국소니픽쳐스릴리징브에나비스타영화㈜,12세관람가,공포(호러),M. 나이트 샤말란,"와킨 피닉스,브라이스 달라스 하워드"
58,그놈은 멋있었다,2004-07-22,"2,309,055,500",0.5%,"2,309,055,500","372,591","372,591",77,"5,425",한국,한국,엘티 픽쳐스,프라임픽쳐스,15세관람가,코미디,이환경,"송승헌,김지혜,정다빈,이기우,이민혁,김효성,박정률,나수원,이동윤,김경록,곽동학,박민아,박성희,우성,이대일,이유명,정우,이환경,정준하,김보연,남궁은숙"
59,본 슈프리머시,2004-08-20,"2,439,904,500",0.5%,"2,439,904,500","370,894","370,894",90,"7,478",미국,미국,유니버셜 픽쳐스,UIP코리아,15세관람가,액션,폴 그린그래스,"맷 데이먼,칼 어번,프란카 포텐테,조안 알렌"
60,레지던트 이블 2-아포칼립스,2004-11-05,"2,367,612,000",0.5%,"2,367,612,000","363,273","363,273",100,"11,218",미국,미국,"(주)태원엔터테인먼트,임펙픽처스",(주)시네마서비스,18세관람가,액션,알렉산더 윗,"오데드 페르,시에나 길로리"
61,얼굴 없는 미녀,2004-08-06,"2,228,765,000",0.5%,"2,228,765,000","346,015","346,015",72,"5,594",한국,한국,(주)아이필름홀딩스,"CJ ENM,아이러브시네마",18세관람가,스릴러,김인식,"김혜수,김태우,한정수,김영애,김무령,윤희현,김형석,안성현,채은석,박보연,정지환,정인기,조운"
62,세상의 중심에서 사랑을 외치다,2004-10-08,"2,010,292,500",0.4%,"2,010,292,500","315,133","315,133",102,"8,701",일본,일본,도호쿠신샤,(주)동아수출공사,12세관람가,멜로/로맨스,유키사다 이사오,"나가사와 마사미,오사와 타카오,시바사키 코우"
63,맨 온 파이어,2004-09-24,"1,984,024,500",0.4%,"1,984,024,500","307,751","307,751",61,"7,364",미국,미국,폭스2000픽처스,이십세기폭스필름코퍼레이션,15세관람가,액션,토니 스콧,"덴젤 워싱턴,다코타 패닝"
64,올드보이,2003-11-21,"1,928,502,500",0.4%,"1,928,502,500","299,163","299,163",17,"2,693",한국,한국,"(주)에그필름,쇼이스트(주)","쇼이스트(주),(주)씨제이이엔엠",18세관람가,스릴러,박찬욱,"최민식,유지태,강혜정,김병옥,오달수,이승신,윤진서,지대한,오태경,유연석,김원중,박재용,박지훈,한정옥,박근석,곽정애,임설아,박성규,오영주,임승용,최재섭,이대연,오광록,김수현,용이,박명신"
65,라스트 사무라이,2004-01-09,"1,904,735,500",0.4%,"1,904,735,500","299,158","299,158",35,"3,091",미국,미국,,워너브러더스 코리아(주),15세관람가,액션,에드워드 즈윅,"톰 크루즈,와타나베 켄"
66,그녀를 믿지 마세요,2004-02-20,"1,859,615,500",0.4%,"1,859,615,500","298,221","298,221",25,"4,664",한국,한국,㈜영화사시선,(주)시네마서비스,12세관람가,코미디,배형준,"강동원,김용선,진경,김지영,김하늘,김은영,송재호,임하룡,최연수,김창수,최유선,이안나,이미은,류태호,권태원,홍인,이영은"
67,내사랑 싸가지,2004-01-16,"1,836,153,500",0.4%,"1,836,153,500","296,125","296,125",22,"2,967",한국,한국,"제이웰엔터테인먼트(주),(주)포이보스",(주)시네마서비스,12세관람가,코미디,신동엽,"김재원,진태현,하지원,김지훈,한민,강정호,김상혁,유현호,최용준,김용건,김민경,김창완,임혁필"
68,리딕 - 헬리온 최후의 빛,2004-08-13,"1,856,785,000",0.4%,"1,856,785,000","288,900","288,900",96,"6,148",미국,미국,"라다 픽쳐스,유니버셜 픽쳐스",CJ ENM,12세관람가,SF,데이빗 토히,"빈 디젤,칼 어번,탠디 뉴튼"
69,가필드,2004-08-19,"1,464,283,500",0.3%,"1,464,283,500","240,021","240,021",76,"5,432",미국,미국,이십세기폭스필름코퍼레이션,이십세기폭스필름코퍼레이션,전체관람가,코미디,피터 휴잇,"빌 머레이,제니퍼 러브 휴잇,브레킨 메이어"
70,알렉산더,2004-12-31,"1,495,476,000",0.3%,"1,495,476,000","239,615","239,615",182,"1,651",미국,미국,"워너브러더스사㈜,인터미디어필름",(주)시네마서비스,15세관람가,"전쟁,드라마",올리버 스톤,"콜린 파렐,안젤리나 졸리,발 킬머,안소니 홉킨스"
71,페이스,2004-06-11,"1,534,151,500",0.3%,"1,534,151,500","238,950","238,950",69,"5,674",한국,한국,(주)태원엔터테인먼트,(주)시네마서비스,15세관람가,공포(호러),유상곤,"송윤아,신현준,조원희,장석원,김승욱,안석환,홍수아,신용하,나관,권혁,진혜미,박승찬,이승민,이철민,이주실,오정세"
72,썸,2004-10-22,"1,488,328,000",0.3%,"1,488,328,000","237,763","237,763",121,"8,366",한국,한국,씨앤필름(주),(주)시네마서비스,15세관람가,스릴러,장윤현,"고수,김효인,신두현,강신일,강신일,김혜진,최화영,대룡,윤소일,오정은,이승준,강성진,한재영"
73,착신아리,2004-07-09,"1,464,246,500",0.3%,"1,464,246,500","235,077","235,077",49,"3,543",일본,일본,가도카와헤럴드픽쳐스,(주)쇼박스,15세관람가,공포(호러),미이케 다카시,"시바사키 코우,후키이시 카즈에,츠츠미 신이치"
74,맹부삼천지교,2004-03-26,"1,424,995,500",0.3%,"1,424,995,500","229,240","229,240",56,"5,254",한국,한국,코리아 엔터테인먼트,CJ ENM,15세관람가,코미디,김지영,"손창민,조재현,소이현,손현주,김뢰하,김홍석,홍상석,박종욱,안갑용,나상문,김덕형,유상범,곽은미,김택수,유용현,유지원,인현주,박송이,최영주,이영자,오상민,김용석,이재웅,정석용,이인"
75,하류인생,2004-05-21,"1,470,927,500",0.3%,"1,470,927,500","224,794","224,794",88,"6,039",한국,한국,태흥영화(주),(주)시네마서비스,15세관람가,액션,임권택,"조승우,김규리,문혜영,이재룡,이주원,최태환,송길한,조상연,조선종,박은아,김현석,최흥국,심재원,심효진,남우성,하성민,박호진,단혁태,백기현,지성환,서동현,모상범,서영우,김대승,김봉수,우영재,유광일,박동혁,김성실,이희탁,박민희,장은희,장찬희,전병욱,태인호,박상욱,임문섭,박상현,임수철,임순우,김태득,최영심,정수영,이후곤,임세호,오은석,김수용,김정섭,김정일,이기정,이한,김주경,이재인,최민철,오유진,김보연,남문철,이황의,송능한,문정희,한창현,손경원,주부진,손병욱"
76,인형사,2004-07-30,"1,324,401,000",0.3%,"1,324,401,000","214,709","214,709",60,"4,035",한국,한국,(주)필마픽쳐스,롯데쇼핑㈜롯데시네마,15세관람가,공포(호러),정용기,"임은경,김유미,심형탁,옥지영,천호진,조성아,안재범,배효진,임종호,정진환,최유성,김정자,남명렬,김도영"
77,러브 액츄얼리,2003-12-05,"1,351,970,500",0.3%,"1,351,970,500","206,892","206,892",11,"1,885",미국,"미국,영국",,"(주)제이앤씨미디어그룹,와이드 릴리즈(주),UIP코리아,(유)조이앤시네마","15세관람가,15세이상관람가","멜로/로맨스,드라마,코미디",리차드 커티스,"휴 그랜트,콜린 퍼스,알란 릭맨,엠마 톰슨,리암 니슨,로라 린니,키이라 나이틀리,마틴 맥커천,빌 나이히"
78,폴라 익스프레스,2004-12-23,"1,261,680,000",0.3%,"1,261,680,000","200,858","200,858",92,"4,052",미국,미국,"캐슬 락 엔터테인먼트,워너 브러더스 픽쳐스",워너브러더스 코리아(주),전체관람가,애니메이션,로버트 저메키스,"톰 행크스,노나 M. 게이"
79,포가튼,2004-12-03,"1,281,609,500",0.3%,"1,281,609,500","198,010","198,010",65,"5,343",미국,미국,레볼루션 스튜디오,한국소니픽쳐스릴리징브에나비스타영화㈜,15세관람가,스릴러,조셉 루벤,"크리스토퍼 코바레스키,줄리안 무어"
80,나두야 간다,2004-06-25,"1,215,167,500",0.3%,"1,215,167,500","193,554","193,554",60,"5,005",한국,한국,화이트리시네마,롯데쇼핑㈜롯데시네마,15세관람가,코미디,정연원,"권용운,안관수(추천),손창민,정준호,오유미,정소영,임동문,신현탁,서범식,강성필,서동수,금보라,장태성,전미선"
81,캣우먼,2004-09-24,"1,211,731,000",0.3%,"1,211,731,000","184,929","184,929",79,"6,023",미국,미국,워너브러더스사㈜,워너브러더스 코리아(주),12세관람가,액션,피토프,"할리 베리,벤자민 브랫"
82,첫키스만 50번째,2004-04-15,"1,199,579,500",0.3%,"1,199,579,500","182,614","182,614",37,"4,066",미국,미국,콜럼비아 픽쳐스 필름 프로덕션,"팝엔터테인먼트,한국소니픽쳐스릴리징브에나비스타영화㈜","15세관람가,15세이상관람가",코미디,피터 시걸,"아담 샌들러,드류 베리모어"
83,어디선가 누군가에 무슨일이 생기면 틀림없이 나타난다 홍반장,2004-03-12,"1,158,210,500",0.3%,"1,158,210,500","181,510","181,510",28,"3,570",한국,한국,㈜제니스엔터테인먼트,(주)시네마서비스,12세관람가,코미디,강석범,"김주혁,엄정화,김가연,기주봉,손재곤,김두찬,김준성,조성재,조은희,박지현,이복희,김영숙,허기호,노승범,이주리,강성필"
84,에이리언 VS 프레데터,2004-09-03,"1,151,500,000",0.3%,"1,151,500,000","180,626","180,626",79,"5,788",미국,미국,데이비스 엔터테인먼트 필름웍스,이십세기폭스필름코퍼레이션,15세관람가,SF,폴 W.S. 앤더슨,"라울 보바,산나 라단,랜스 헨릭슨"
85,쓰리 몬스터,2004-08-20,"1,161,290,500",0.3%,"1,161,290,500","180,377","180,377",60,"3,970",한국,"한국,홍콩,일본","(주)영화사봄,어플로즈픽쳐스,가도카와헤럴드픽쳐스",CJ ENM,18세관람가,공포(호러),"박찬욱,미이케 다카시,프루트 챈","강혜정,하세가와 쿄코,이병헌,임원희,와타베 아츠로,양천화"
86,화씨 911,2004-07-22,"1,162,115,500",0.3%,"1,162,115,500","177,255","177,255",48,"2,896",미국,미국,"도그 잇 도그 필름,라이온스 게이트 필름즈",스튜디오플러스(주),15세관람가,다큐멘터리,마이클 무어,"마이클 무어,조지 W. 부시,벤 애플렉,바바라 부쉬,오사마 빈 라덴,앨 고어"
87,스텝포드 와이프,2004-10-01,"1,139,648,500",0.3%,"1,139,648,500","171,805","171,805",39,"4,377",미국,미국,스캇 루딘 프로덕션,CJ ENM,15세관람가,코미디,프랭크 오즈,"니콜 키드먼,매튜 브로데릭,베트 미들러,글렌 클로즈"
88,동해물과 백두산이,2003-12-31,"1,041,877,500",0.2%,"1,041,877,500","163,194","163,194",21,"2,067",한국,한국,"(주)영화사샘,(주)쇼박스",(주)쇼박스,15세관람가,코미디,안진우,"정준호,공형진,류현경,박정우,김유신,문성현,박상욱,윤지영,정지영,양지은,이혜미,신현탁,정경순,김광규,오지혜,한재영,한창현,박윤호"
89,까불지마,2004-12-03,"999,160,000",0.2%,"999,160,000","155,308","155,308",90,"6,418",한국,한국,제이유프로덕션(주),영화사청어람(주),15세관람가,드라마,오지명,"오지명,최불암,노주현,김정훈,임유진,박영아,조윤진,나재욱,권창범,서명석,최길호,유희연,윤은정,정유신,이재경,김학철,정호빈,정다빈,윤서현"
90,디 아이2,2004-05-26,"964,130,500",0.2%,"964,130,500","150,477","150,477",68,"4,454",홍콩,홍콩,어플러스엔터테인먼트,쇼이스트(주),15세관람가,공포(호러),"대니 팽,옥사이드 팽 천","원려기,서기"
91,옹박 - 무에타이의 후예,2004-05-26,"947,199,300",0.2%,"947,199,300","147,900","147,900",57,"4,790",태국,태국,사하몽콜 필름 인터내셔널,(주)쇼박스,15세관람가,액션,프라챠 핀카엡,토니 자
92,피터 팬,2004-01-16,"850,564,000",0.2%,"850,564,000","141,716","141,716",15,"1,668",미국,미국,,한국소니픽쳐스릴리징브에나비스타영화㈜,전체관람가,"어드벤처,가족,판타지",P.J. 호건,"레이첼 허드-우드,제이슨 아이삭스,제레미 섬터"
93,사랑할 때 버려야 할 아까운 것들,2004-02-13,"908,155,000",0.2%,"908,155,000","138,609","138,609",20,"1,579",미국,미국,,워너브러더스 코리아(주),15세관람가,코미디,낸시 마이어스,
94,킬 빌2,2004-05-14,"920,536,500",0.2%,"920,536,500","138,031","138,031",41,"2,964",미국,미국,"미라맥스 필름즈,어맨드어파트",CJ ENM,18세관람가,액션,쿠엔틴 타란티노,"우마 서먼,데이빗 캐러딘"
95,내셔널 트레져,2004-12-31,"876,114,500",0.2%,"876,114,500","137,663","137,663",128,"1,485",미국,미국,"터치스톤 픽처스,제리 브룩하이머 필름",한국소니픽쳐스릴리징브에나비스타영화㈜,12세관람가,액션,존 터틀타웁,"다이앤 크루거,니콜라스 케이지"
96,택시: 더 멕시멈,2004-11-17,"849,676,500",0.2%,"849,676,500","134,885","134,885",57,"4,455",미국,미국,이십세기폭스필름코퍼레이션,이십세기폭스필름코퍼레이션,12세관람가,액션,팀 스토리,"지젤 번천,지미 펄론"
97,페이첵,2004-01-22,"840,196,500",0.2%,"840,196,500","131,390","131,390",17,"1,688",미국,미국,,CJ ENM,15세관람가,액션,오우삼,"벤 애플렉,우마 서먼,아론 에크하트"
98,프린세스 다이어리 2,2004-10-29,"792,040,500",0.2%,"792,040,500","128,615","128,615",70,"4,540",미국,미국,월트디즈니컴퍼니코리아(주),한국소니픽쳐스릴리징브에나비스타영화㈜,전체관람가,멜로/로맨스,게리 마샬,"줄리 앤드류스,앤 해서웨이"
99,2046,2004-10-15,"795,840,500",0.2%,"795,840,500","122,913","122,913",69,"4,339",홍콩,홍콩,"아르떼,콜럼비아 픽쳐스 코포레이션,프랑스3시네마,젯톤프로덕션,제2 독일 텔레비젼 협회,포르티시모 필름","(주)디스테이션,이십세기폭스필름코퍼레이션","18세관람가,청소년관람불가",드라마,왕가위,"양조위,공리,왕비,기무라 다쿠야,장쯔이,유가령,장첸,장만옥"
100,어깨동무,2004-03-12,"753,985,500",0.2%,"753,985,500","119,884","119,884",26,"3,015",한국,한국,(주)씨케이픽쳐스,CJ ENM,15세관람가,코미디,조진규,"김아중,최령,이성진,이문식,유동근,박예리,박정률,배정아,강호동,김경용,최철호,김무생"
101,여자는 남자의 미래다,2004-05-05,"778,685,500",0.2%,"778,685,500","116,639","116,639",34,"3,520",한국,한국,"미라신코리아(주),유니코리아문예투자(주)",CJ ENM,18세관람가,드라마,홍상수,"유지태,성현아,김태우,오유진,엄수정,김호정,박정환,오달수,김방선,허영진,박희은,김대훈,전은미,박승배,서하나,김태훈,박희은"
102,헬보이,2004-08-20,"729,643,000",0.2%,"729,643,000","113,785","113,785",59,"3,471",미국,미국,레볼루션 스튜디오,한국소니픽쳐스릴리징브에나비스타영화㈜,15세관람가,SF,길예르모 델 토로,"셀마 블레어,론 펄먼"
103,라이어,2004-04-23,"706,033,000",0.2%,"706,033,000","108,156","108,156",51,"3,092",한국,한국,씨앤필름(주),CJ ENM,18세관람가,"코미디,멜로/로맨스",김경형,"주진모,공형진,서영희,손현주,정우철,송선미,오만석,기주봉,정희태"
104,새벽의 저주,2004-05-14,"694,533,500",0.2%,"694,533,500","106,515","106,515",27,"2,415",미국,"미국,캐나다,일본,프랑스",유니버셜 픽쳐스,UIP코리아,18세관람가,"공포(호러),스릴러",잭 스나이더,"사라 폴리,빙 라메스,제이크 웨버"
105,비포 선셋,2004-10-22,"702,130,500",0.2%,"702,130,500","104,699","104,699",42,"3,733",미국,미국,"캐슬 락 엔터테인먼트,디투어 필름프로덕션","THE 픽쳐스,워너브러더스 코리아(주)","15세관람가,15세이상관람가",드라마,리차드 링클레이터,"줄리 델피,에단 호크"
106,"DMZ, 비무장지대",2004-11-26,"659,079,000",0.1%,"659,079,000","102,233","102,233",65,"4,649",한국,한국,이규형시네마(주),영화사청어람(주),18세관람가,"드라마,전쟁",이규형,"김정훈,정채경,박건형,김종환,조경진,조대영,박현욱,박현주,노장식,장광익,박상현,최수안,이영종,이영호,김종학,김종환,이지수,박휘순,이대연,정은표,리우진,이계형"
107,바람의 전설,2004-04-09,"636,285,500",0.1%,"636,285,500","97,925","97,925",42,"2,889",한국,한국,필름매니아(주),(주)시네마서비스,15세관람가,드라마,박정우,"이성재,박솔미,김수로,문정희,김동영,김미경,정종훈,최정우,이정인,이칸희,유해진,정현철,조미경,홍성원,신현중,김의석,최현우,최혜진,허문영,백수미,한송이,백정현,권태훈,류정은,서원영,김도경,채영,최선희,오지연,정진영,김양수,김영복,이현우,이혜림,오현수,이필모,신현종,황석정,김병춘"
108,"[통합]회고전, 기획전 등",,"449,723,300",0.1%,"449,723,300","95,296","95,296",7,"1,793",,,,,,,,
109,하나와 앨리스,2004-11-17,"582,787,000",0.1%,"582,787,000","91,993","91,993",71,"3,659",일본,일본,록웰아이즈 (ロックウェルアイズ),"(주)미디어캐슬,(주)팝엔터테인먼트,쇼이스트(주)",12세관람가,드라마,이와이 슌지,"아오이 유우,스즈키 안"
110,저지 걸,2004-04-09,"582,966,500",0.1%,"582,966,500","91,127","91,127",35,"2,592",미국,미국,,CJ ENM,12세관람가,멜로/로맨스,케빈 스미스,"벤 애플렉,리브 타일러"
111,모터사이클 다이어리,2004-11-12,"579,249,500",0.1%,"579,249,500","89,331","89,331",33,"2,181",영국,영국,,UIP코리아,15세관람가,드라마,월터 살레스,"가엘 가르시아 베르날,로드리고 드 라 세르나,미아 마에스트로"
112,퀸카로 살아남는 법,2004-09-03,"575,148,500",0.1%,"575,148,500","88,261","88,261",49,"2,469",미국,미국,파라마운트 픽쳐스,UIP코리아,15세관람가,코미디,마크 S. 워터스,"린제이 로한,레이첼 맥아덤즈"
113,발레 교습소,2004-12-03,"531,000,000",0.1%,"531,000,000","87,380","87,380",83,"3,551",한국,한국,좋은영화,CJ ENM,15세관람가,드라마,변영주,"윤계상,김민정,이준기,온주완,박윤영,도지원,백종현,김일형,전정호,김태균,이은경,이종원,이미도,윤택,곽민호,최정인,남정희"
114,데스티네이션 2,2004-06-11,"576,664,000",0.1%,"576,664,000","87,267","87,267",55,"2,771",미국,미국,"뉴라인 시네마,자이드-페리 프로덕션",UIP코리아,18세관람가,공포(호러),데이비드 R. 엘리스,"마이클 랜디스,A.J. 쿡,알리 라터"
115,아홉살 인생,2004-03-26,"527,412,000",0.1%,"527,412,000","85,312","85,312",27,"2,492",한국,한국,"(주)황기성 사단,(주)조이슈즈",(주)시네마서비스,전체관람가,드라마,윤인호,"윤범호,김석,최성,이세영,나아현,김명재,정선경,안내상,송수근,송현석,노현정,이동혁,김경수,최덕문,신정근,지대한"
116,쉘 위 댄스,2004-11-12,"549,961,000",0.1%,"549,961,000","82,926","82,926",87,"3,971",미국,미국,미라맥스 필름즈,한국소니픽쳐스릴리징브에나비스타영화㈜,12세관람가,드라마,피터 첼섬,"제니퍼 로페즈,리차드 기어,수잔 서랜든"
117,화이트 칙스,2004-11-17,"497,455,500",0.1%,"497,455,500","79,181","79,181",53,"3,200",미국,미국,레볼루션 스튜디오,한국소니픽쳐스릴리징브에나비스타영화㈜,15세관람가,코미디,키넌 아이보리 웨이언스,"숀 웨이언스,마론 웨이언스"
118,엑소시스트: 더 비기닝,2004-11-17,"506,528,500",0.1%,"506,528,500","77,126","77,126",67,"3,329",미국,미국,모건 크릭 프로덕션즈,워너브러더스 코리아(주),18세관람가,공포(호러),레니 할린,"이자벨라 스코럽코,스텔란 스카스가드"
119,빅 피쉬,2004-03-05,"476,625,000",0.1%,"476,625,000","72,239","72,239",14,"1,154",미국,미국,"더 자눅 컴퍼니,콜럼비아트라이스타픽쳐스,코헨 프로덕션","(주)팝엔터테인먼트,한국소니픽쳐스릴리징브에나비스타영화㈜","12세이상관람가,12세관람가",판타지,팀 버튼,"이완 맥그리거,알버트 피니,빌리 크루덥,제시카 랭,헬레나 본햄 카터,알리슨 로먼,마리옹 꼬띠아르"
120,해피 에로 크리스마스,2003-12-17,"459,220,000",0.1%,"459,220,000","71,441","71,441",11,884,한국,한국,(주)튜브엔터테인먼트,(주)튜브엔터테인먼트,15세관람가,드라마,이건동,"김선아,차태현,박영규,김지영,송윤희,조미영,홍성규,조상렬,신영운,박윤미,최창우,김현두,박창호,김경란,김동규,고현용,천승철,김선용,윤동원,박성범,최영두,김형범,정석용,오태경,손진호,김중기,박충선,염동헌,이청아,오창경"
121,빈집,2004-10-15,"455,157,000",0.1%,"455,157,000","71,342","71,342",60,"4,104",한국,한국,"(주)김기덕 필름,씨네클릭 아시아(팬텀)",영화사청어람(주),15세관람가,드라마,김기덕,"이승연,재희,권혁호,주진모,이의수,신태석,박남민,박동진,이홍석,박세진,이종섭"
122,사랑에 빠지는 아주 특별한 법칙,2004-11-12,"428,449,500",0.1%,"428,449,500","65,383","65,383",76,"3,073",아일랜드,아일랜드,"아이리시드림타임,이니티얼엔터테인먼트그룹",코리아픽쳐스(주),15세관람가,멜로/로맨스,피터 호윗,"피어스 브로스넌,줄리안 무어"
123,21 그램,2004-10-23,"420,278,500",0.1%,"420,278,500","63,811","63,811",59,"3,092",미국,미국,,(주)영화사한결,18세관람가,드라마,알레한드로 곤잘레스 이냐리투,"숀 펜,나오미 왓츠"
124,거미숲,2004-09-03,"412,069,500",0.1%,"412,069,500","63,270","63,270",61,"2,368",한국,한국,(주)오크필름,영화사청어람(주),18세관람가,"미스터리,범죄",송일곤,"감우성,이은주,김영재,강경헌,서정,장현성,김의정,유주현,윤영,이용주,김희정,손병호,조성하,윤주상,정승길,지우"
125,노 브레인 레이스,2004-09-24,"382,766,500",0.1%,"382,766,500","62,026","62,026",40,"2,187",미국,미국,"알파빌필름즈,파라마운트 픽쳐스",롯데쇼핑㈜롯데시네마,12세관람가,코미디,제리 주커,"로완 앳킨슨,존 클리즈,라네이 채프만,우피 골드버그,쿠바 구딩 주니어"
126,몬스터,2004-06-18,"384,667,000",0.1%,"384,667,000","58,659","58,659",30,"1,368",독일,독일,,무비즈엔터테인먼트㈜,18세관람가,드라마,팻티 젠킨스,"샤를리즈 테론,크리스티나 리치"
127,빙우,2004-01-16,"363,240,500",0.1%,"363,240,500","55,656","55,656",18,"1,015",한국,한국,쿠앤필름(주),(주)쇼박스,12세관람가,드라마,김은숙,"김하늘,이성재,송승헌,이상윤,김지연,유해진,조경래,추천호,이승준"
128,무간도3 - 종극무간,2004-07-02,"363,105,000",0.1%,"363,105,000","54,307","54,307",29,"1,663",홍콩,홍콩,미디어 아시아 필름즈,이십세기폭스코리아(주),18세관람가,드라마,"유위강,맥조휘","양조위,유덕화,여명"
129,블러디 선데이,2004-06-18,"331,392,500",0.1%,"331,392,500","53,738","53,738",13,"1,226",영국,영국,보드스캐넌에이린,㈜영화사 백두대간,12세관람가,드라마,폴 그린그래스,"팀 피곳 스미스,제임스 네스빗"
130,엘프,2004-12-15,"328,584,000",0.1%,"328,584,000","53,690","53,690",63,"2,679",미국,미국,뉴라인 시네마,이십세기폭스코리아(주),전체관람가,코미디,존 파브로,"윌 페렐,제임스 칸,밥 뉴하트,에드워드 애스너,주이 디샤넬"
131,콜드 마운틴,2004-02-20,"342,775,000",0.1%,"342,775,000","53,667","53,667",17,955,미국,미국,,한국소니픽쳐스릴리징브에나비스타영화㈜,15세관람가,전쟁,안소니 밍겔라,"니콜 키드먼,주드 로,르네 젤위거"
132,여고생 시집가기,2004-12-23,"323,778,500",0.1%,"323,778,500","52,356","52,356",51,"1,888",한국,한국,(주)더존필름,무비즈엔터테인먼트㈜,15세관람가,코미디,오덕환,"은지원,임은경,황재석,김희성,박정율,신효진,김경환,민성주,정다빈,김철준,윤기원,이칸희,김동효,심이영"
133,내 남자 친구는 왕자님,2004-06-18,"344,008,000",0.1%,"344,008,000","52,225","52,225",40,"1,754",미국,미국,"파라마운트 픽쳐스,라이온스 게이트 필름즈",한국소니픽쳐스릴리징브에나비스타영화㈜,12세관람가,멜로/로맨스,마사 쿨리지,"줄리아 스타일즈,루크 마블리"
134,귀여워,2004-11-26,"325,502,500",0.1%,"325,502,500","50,874","50,874",89,"3,316",한국,한국,튜브픽쳐스(주),(주)튜브엔터테인먼트,18세관람가,"드라마,코미디",김수현,"김석훈,정재영,예지원,박희순,장선우,박재영,박혜성,노진성,문성준,장석훈,윤일랑,김승식,이준원,김희정,김준배,박선우,김규남,이수빈"
135,매트릭스3 레볼루션,2003-11-05,"357,720,500",0.1%,"357,720,500","50,543","50,543",19,920,미국,미국,,워너브러더스 코리아(주),15세관람가,"SF,액션,범죄","릴리 워쇼스키,라나 워쇼스키","키아누 리브스,로렌스 피쉬번,캐리 앤 모스"
136,진주 귀걸이를 한 소녀,2004-09-03,"330,772,000",0.1%,"330,772,000","49,378","49,378",18,"1,116",영국,영국,아처엔터테인먼트,"(주)영화사 진진,필름뱅크(주)","15세관람가,15세이상관람가","드라마,멜로/로맨스",피터 웨버,"스칼렛 요한슨,콜린 퍼스,톰 윌킨슨,킬리언 머피"
137,신석기 블루스,2004-12-30,"303,966,500",0.1%,"303,966,500","48,907","48,907",85,"1,118",한국,한국,㈜팝콘필름,(주)쇼박스,15세관람가,코미디,김도혁,"김현주,이종혁,이민아,이성재,남현,허정규,김인태,박보영,김지성,최진호,김창완,옥지영,이승호,신이,성기윤,원애리,정민성,김기천,남정희"
138,낭만자객,2003-12-05,"312,851,500",0.1%,"312,851,500","48,744","48,744",8,600,한국,한국,(주)두사부필름,CJ ENM,18세관람가,코미디,윤제균,"김민종,최성국,진재영,신이,허태구,김미미,신정선,최영훈,권성환,강성필,전국환,김태곤,진구,왕빛나"
139,마지막 늑대,2004-04-01,"303,851,500",0.1%,"303,851,500","47,731","47,731",26,"1,646",한국,한국,제네시스픽쳐스(주),"(주)쇼박스,영화사풍년상회(주)",15세관람가,코미디,구자홍,"황정민,양동근,김경란,김현정,오달수,장항선,신동호,최가연,이화룡,최승호,이혜영,김준성,김준하,손호승,황석정,김기현,유승목,이봉규,조희봉,정인겸"
140,프레디 대 제이슨-13일의 금요일11,2004-08-27,"304,298,500",0.1%,"304,298,500","47,430","47,430",58,"2,631",미국,미국,뉴라인 시네마,(주)영화사한결,18세관람가,공포(호러),우인태,"켈리 로랜드,모니카 키나"
141,마스터 앤드 커맨더: 위대한 정복자,2003-11-28,"289,780,500",0.1%,"289,780,500","45,523","45,523",11,571,미국,미국,,이십세기폭스필름코퍼레이션,12세관람가,"전쟁,드라마,액션,어드벤처",피터 위어,"러셀 크로우,폴 베타니"
142,사마리아,2004-03-05,"285,452,000",0.1%,"285,452,000","44,856","44,856",23,"1,674",한국,한국,(주)김기덕 필름,쇼이스트(주),18세관람가,드라마,김기덕,"곽지민,이얼,서민정,한여름,권현민,최서진,임병조,김재영,정윤수,한창현,김기두,정인기"
143,완벽한 그녀에게 딱 한가지 없는 것,2004-11-05,"283,599,500",0.1%,"283,599,500","44,359","44,359",43,"2,133",미국,미국,,한국소니픽쳐스릴리징브에나비스타영화㈜,15세관람가,코미디,게리 위닉,"제니퍼 가너,마크 러팔로"
144,돌려차기,2004-07-23,"253,837,000",0.1%,"253,837,000","41,295","41,295",53,"1,804",한국,한국,(주)씨네이천,(주)시네마서비스,12세관람가,코미디,남상국,"박지연,현빈,진태현,김영호,김동완,신민철,신재민,정세인,최진우,조은희,나현,박철훈,남은영,노봉서,한용준,김갑동,김경모,서원진,김경욱,민성주,이상령,유재경,태인호,정민규,김태상,최세영,오선화,임대경,정유진,정철우,우성,김진섭,이창준,정우,이기우,문지윤"
145,신암행어사,2004-11-26,"247,353,500",0.1%,"247,353,500","40,728","40,728",66,"2,547",한국,"한국,일본",캐릭터플랜(주),(주)시네마서비스,15세관람가,"애니메이션,판타지,SF","안태근,조지 시무라","구자형,지성,엄상현,배정미,송준석,배정민,김승준"
146,안녕! 유에프오,2004-01-30,"250,534,000",0.1%,"250,534,000","40,361","40,361",17,864,한국,한국,우리영화(주),(주)튜브엔터테인먼트,전체관람가,드라마,김진민,"김응수,변희봉,봉태규,이범수,이은주,정인선,홍윤정,박정수,배태종,류주현,정석원,이무룡,서용준,박근수,이힘찬,정금자,박상현,박상현,임선애,김진,이규섭,김종옥,조재윤,김영재,주부진,박성호"
147,"조제, 호랑이 그리고 물고기들",2004-10-29,"257,541,500",0.1%,"257,541,500","40,155","40,155",11,"1,192",일본,일본,아스믹에이스엔터테인먼트,"(주)디스테이션,(주)프레인글로벌,(주)스폰지이엔티","15세관람가,15세이상관람가",드라마,이누도 잇신,"츠마부키 사토시,이케와키 치즈루"
148,테이킹 라이브즈,2004-04-15,"249,467,500",0.1%,"249,467,500","38,736","38,736",19,"1,551",미국,미국,워너브러더스사㈜,워너브러더스 코리아(주),18세관람가,스릴러,D.J. 카루소,"에단 호크,안젤리나 졸리,키퍼 서덜랜드"
149,킬빌,2003-11-21,"255,769,000",0.1%,"255,769,000","38,442","38,442",6,600,미국,미국,,CJ ENM,18세관람가,액션,쿠엔틴 타란티노,"우마 서먼,루시 루"
150,폴리와 함께,2004-04-02,"252,615,500",0.1%,"252,615,500","37,807","37,807",25,"1,253",미국,미국,,UIP코리아,15세관람가,멜로/로맨스,존 햄버그,"제니퍼 애니스턴,벤 스틸러,필립 세이모어 호프만,알렉 볼드윈"
151,모나리자 스마일,2004-03-19,"238,920,500",0.1%,"238,920,500","37,280","37,280",18,"1,153",미국,미국,레볼루션 스튜디오,한국소니픽쳐스릴리징브에나비스타영화㈜,12세관람가,드라마,마이크 뉴웰,"매기 질렌할,커스틴 던스트,줄리아 스타일즈,줄리아 로버츠"
152,[통합]영화패키지상영,,"306,097,000",0.1%,"306,097,000","34,932","34,932",23,533,,,,,,,,
153,망치,2004-08-06,"209,407,500",0.0%,"209,407,500","34,805","34,805",32,"1,103",한국,한국,캐릭터플랜(주),스폰지,전체관람가,애니메이션,안태근,"김용준,표영재,최석필"
154,...ing,2003-11-28,"217,269,000",0.0%,"217,269,000","34,264","34,264",7,594,한국,한국,드림맥스(주),(주)튜브엔터테인먼트,12세관람가,"드라마,멜로/로맨스",이언희,"임수정,김래원,이미숙,김지영,김현수,박혜연,장미,이성경,박소연,김순애,최덕문,김인문,양주호"
155,사랑도 통역이 되나요?,2004-02-20,"221,802,000",0.0%,"221,802,000","33,668","33,668",15,880,미국,미국,아메리칸조이트로프,CJ ENM,15세관람가,"멜로/로맨스,액션",소피아 코폴라,"빌 머레이,스칼렛 요한슨,지오바니 리비시"
156,갓센드,2004-09-03,"217,199,000",0.0%,"217,199,000","33,405","33,405",47,"1,645",미국,미국,,(주)시네마서비스,15세관람가,공포(호러),닉 햄,"그렉 키니어,레베카 로메인,로버트 드 니로,카메론 브라이트"
157,더 캣,2003-12-31,"199,609,500",0.0%,"199,609,500","32,784","32,784",12,695,미국,미국,,CJ ENM,전체관람가,"판타지,어드벤처",보 웰치,"마이크 마이어스,알렉 볼드윈"
158,사토라레,2003-11-21,"198,034,500",0.0%,"198,034,500","30,598","30,598",4,332,일본,일본,,(주)시네마서비스,전체관람가,드라마,모토히로 카츠유키,"안도 마사노부,스즈키 쿄카"
159,그녀를 모르면 간첩,2004-01-30,"187,798,000",0.0%,"187,798,000","30,435","30,435",22,822,한국,한국,(주)엠쓰리엔터테인먼트,(주)쇼박스,15세관람가,코미디,박한준,"공유,김정화,백일섭,김애경,남상미,김경섭,송혁재,홍승현,박경환,심재원,박한준,서동욱,강현,문진호,정영준,이재혁,유순철,김명국,조달환,이승연,유인영"
160,히달고,2004-03-19,"188,771,000",0.0%,"188,771,000","29,703","29,703",15,940,미국,미국,터치스톤 픽처스,한국소니픽쳐스릴리징브에나비스타영화㈜,12세관람가,액션,조 존스톤,"줄레이카 로빈슨,비고 모텐슨,오마 샤리프"
161,팜므 파탈,2004-11-17,"191,690,000",0.0%,"191,690,000","29,489","29,489",42,"1,779",프랑스,프랑스,워너 브러더스 픽쳐스,(주)시네마서비스,18세관람가,범죄,브라이언 드 팔마,안토니오 반데라스
162,헌티드,2004-03-12,"183,508,500",0.0%,"183,508,500","28,708","28,708",15,"1,041",미국,미국,알파빌필름즈,(주)튜브엔터테인먼트,18세관람가,액션,윌리엄 프리드킨,"베니치오 델 토로,토미 리 존스"
163,스쿨 오브 락,2004-02-27,"178,647,500",0.0%,"178,647,500","28,186","28,186",19,733,영국,영국,,"윤스,UIP코리아","12세이상관람가,전체관람가",코미디,리차드 링클레이터,"잭 블랙,조앤 쿠삭,마이크 화이트,사라 실버맨"
164,허니,2004-03-26,"179,520,000",0.0%,"179,520,000","27,330","27,330",13,762,미국,미국,유니버셜 픽쳐스,UIP코리아,15세관람가,드라마,빌 우드러프,"릴 로메오,제시카 알바,메키 파이퍼"
165,서바이빙 크리스마스,2004-12-24,"174,371,500",0.0%,"174,371,500","27,082","27,082",35,886,미국,미국,드림웍스픽쳐스,CJ ENM,12세관람가,코미디,마이크 미첼,"제임스 갠돌피니,벤 애플렉,캐서린 오하라"
166,인 더 컷,2004-04-30,"177,743,000",0.0%,"177,743,000","26,973","26,973",24,804,미국,미국,"Pathe Cinema,레드 터틀",CJ ENM,18세관람가,스릴러,제인 캠피온,"마크 러팔로,제니퍼 제이슨 리,맥 라이언"
167,프리다,2003-11-21,"175,523,500",0.0%,"175,523,500","26,418","26,418",4,333,미국,"미국,캐나다,멕시코",,코리아픽쳐스(주),18세관람가,드라마,줄리 테이머,"셀마 헤이엑,알프리드 몰리나"
168,이노센스,2004-10-08,"169,824,500",0.0%,"169,824,500","25,751","25,751",56,"2,143",일본,일본,,(주)시네마서비스,12세관람가,"애니메이션,SF",오시이 마모루,"타나카 아츠코,오츠카 아키오,야마데라 코이치,타케나카 나오토"
169,천년호,2003-11-28,"159,310,500",0.0%,"159,310,500","25,292","25,292",6,579,한국,한국,한맥영화(주),(주)시네마서비스,15세관람가,"멜로/로맨스,액션,판타지",이광훈,"정준호,김효진,김혜리,최원석,강신일,박동빈"
170,레이디킬러,2004-06-04,"167,859,500",0.0%,"167,859,500","25,005","25,005",22,"1,086",미국,미국,터치스톤 픽처스,한국소니픽쳐스릴리징브에나비스타영화㈜,15세관람가,코미디,"조엘 코엔,에단 코엔","톰 행크스,일마 P. 홀"
171,더티 댄싱 - 하바나 나이트,2004-04-23,"160,507,000",0.0%,"160,507,000","24,876","24,876",22,"1,100",미국,미국,"라이온스 게이트 필름즈,미라맥스 필름즈",아우라엔터테인먼트,15세관람가,멜로/로맨스,가이 퍼랜드,"로몰라 가레이,디에고 루나"
172,위대한 유산,2003-10-24,"163,449,000",0.0%,"163,449,000","24,703","24,703",6,537,한국,한국,CJ ENM,CJ ENM,15세관람가,코미디,오상훈,"김선아,임창정,최무인,송은정,홍금봉,신성아,김대중,오유진,유순철,신이,모지은,김기천,정희태"
173,자토이치,2004-01-30,"157,286,500",0.0%,"157,286,500","24,381","24,381",13,532,일본,일본,,"(주)영화사 진진,인터비스앤파트너스(주)",15세관람가,액션,기타노 다케시,"기타노 다케시,아사노 타다노부,오쿠스 미치요"
174,고티카,2004-04-02,"152,738,500",0.0%,"152,738,500","23,473","23,473",16,795,미국,미국,"다크 캐슬 엔터테인먼트,워너 브러더스 픽쳐스,콜럼비아트라이스타영화㈜",한국소니픽쳐스릴리징브에나비스타영화㈜,15세관람가,공포(호러),마티유 카소비츠,"할리 베리,로버트 다우니 주니어,페넬로페 크루즈"
175,런어웨이,2004-01-30,"149,954,000",0.0%,"149,954,000","23,415","23,415",13,387,미국,미국,,이십세기폭스필름코퍼레이션,15세관람가,스릴러,게리 플레더,"더스틴 호프만,진 해크만,레이첼 와이즈"
176,타임라인,2004-02-27,"147,478,500",0.0%,"147,478,500","23,130","23,130",20,718,미국,미국,파라마운트 픽쳐스,(주)튜브엔터테인먼트,15세관람가,SF,리차드 도너,"제라드 버틀러,프란시스 오코너,폴 워커"
177,영 아담,2004-12-03,"146,296,000",0.0%,"146,296,000","22,769","22,769",33,"1,509",영국,영국,"UK Film Council,스카티쉬 스크린",롯데쇼핑㈜롯데엔터테인먼트,18세관람가,드라마,데이빗 맥킨지,"이완 맥그리거,피터 뮬란,틸다 스윈튼"
178,대단한 유혹,2004-06-25,"145,741,000",0.0%,"145,741,000","22,271","22,271",23,746,캐나다,캐나다,맥스 필름즈 프로덕션즈,필름뱅크(주),전체관람가,코미디,장 프랑소아 풀리오,"브누아 브리에르,다비드 부탱"
179,천공의 성 라퓨타,2004-04-30,"130,820,500",0.0%,"130,820,500","21,237","21,237",10,637,일본,일본,지브리 스튜디오,대원미디어(주),전체관람가,애니메이션,미야자키 하야오,"안나 파킨,타나카 마유미,제임스 반 데 빅,하야시바라 메구미,이토 히로시"
180,도마 안중근,2004-09-10,"128,953,000",0.0%,"128,953,000","20,318","20,318",59,"1,814",한국,한국,(주)소스원프로덕션,(주)소스원프로덕션,전체관람가,드라마,서세원,"유오성,고두심,임명규,박정환,정혜선,최우혁,정성모,강민선,김효섭,안성균,노은영,한명숙,서광석,원주한,유재영,박소연,조유진"
181,나쁜 교육,2004-09-17,"132,891,500",0.0%,"132,891,500","20,050","20,050",18,701,스페인,스페인,까날 플러스 에스파냐,"(주)스폰지이엔티,(주)홈초이스",18세관람가,드라마,페드로 알모도바르,
182,춤추는 대수사선 2,2003-12-12,"129,612,500",0.0%,"129,612,500","19,882","19,882",6,279,일본,일본,,(주)오시네마,12세관람가,"액션,범죄,코미디",모토히로 카츠유키,"오다 유지,후카츠 에리"
183,아이덴티티,2003-10-31,"136,705,000",0.0%,"136,705,000","19,873","19,873",5,248,미국,미국,콜럼비아트라이스타,콜럼비아트라이스타,15세관람가,"범죄,스릴러",제임스 맨골드,"존 쿠삭,레이 리오타"
184,스쿠비-두2 : 몬스터 대소동,2004-04-30,"118,785,500",0.0%,"118,785,500","18,954","18,954",12,605,미국,미국,워너브러더스사㈜,워너브러더스 코리아(주),전체관람가,코미디,라자 고스넬,"프린즈 프레디 주니어,사라 미셀 겔러"
185,셧업,2004-08-27,"120,150,500",0.0%,"120,150,500","18,636","18,636",49,"1,790",프랑스,프랑스,유니온 제너럴 시네마토그래픽 (UGC),쇼이스트(주),15세관람가,코미디,프랑시스 베베르,"제라르 드빠르디유,장 르노"
186,내 생애 최고의 데이트,2004-03-19,"122,230,500",0.0%,"122,230,500","18,401","18,401",7,472,미국,미국,드림웍스픽쳐스,CJ ENM,12세관람가,멜로/로맨스,로버트 루케틱,"조쉬 더하멜,토퍼 그레이스,케이트 보스워스"
187,휴먼 스테인,2004-03-05,"117,363,500",0.0%,"117,363,500","18,141","18,141",14,569,미국,미국,미라맥스 필름즈,(주)쇼박스,15세관람가,드라마,로버트 벤튼,"니콜 키드먼,안소니 홉킨스,에드 해리스"
188,8명의 여인들,2004-02-27,"117,192,000",0.0%,"117,192,000","17,900","17,900",10,427,프랑스,프랑스,,무비즈엔터테인먼트㈜,15세관람가,코미디,프랑수아 오종,"까뜨린느 드뇌브,이자벨 위페르,다니엘 다리우"
189,브라더 베어,2004-01-16,"113,131,000",0.0%,"113,131,000","17,184","17,184",11,281,미국,미국,,한국소니픽쳐스릴리징브에나비스타영화㈜,전체관람가,드라마,"애론 블레이즈,로버트 워커","제레미 슈어레즈,와킨 피닉스"
190,미치고 싶을 때,2004-11-12,"107,512,000",0.0%,"107,512,000","16,252","16,252",46,"1,274",독일,독일,,제이에스필름,18세관람가,드라마,파티 아킨,"시벨 케킬리,비롤 위넬"
191,스타스키와 허치,2004-04-30,"93,939,500",0.0%,"93,939,500","14,212","14,212",28,909,미국,미국,"디멘션 필름즈,워너 브러더스 픽쳐스",한국소니픽쳐스릴리징브에나비스타영화㈜,12세관람가,액션,토드 필립스,"오웬 윌슨,벤 스틸러"
192,열두명의 웬수들,2004-02-13,"86,271,500",0.0%,"86,271,500","13,537","13,537",12,429,미국,미국,,이십세기폭스필름코퍼레이션,전체관람가,코미디,숀 레비,"스티브 마틴,보니 헌트,힐러리 더프,블레이크 우드러프"
193,웨일 라이더,2004-10-08,"83,650,500",0.0%,"83,650,500","12,996","12,996",29,"1,226",뉴질랜드,뉴질랜드,판도라 필름,무비즈엔터테인먼트㈜,전체관람가,"드라마,가족",니키 카로,"케이샤 캐슬-휴즈,라위리 파라텐느"
194,웰컴 투 콜린우드,2003-01-17,"79,714,000",0.0%,"79,714,000","12,453","12,453",5,272,미국,미국,,에이라인,15세관람가,"코미디,범죄","안소니 루소,조 루소","조지 클루니,샘 록웰,이사야 워싱턴"
195,강호,2004-10-22,"78,654,000",0.0%,"78,654,000","12,317","12,317",36,"1,584",홍콩,홍콩,애니타임픽쳐스,쇼이스트(주),18세관람가,액션,황정보,"유덕화,장학우,증지위,오천련"
196,엘리펀트,2004-08-27,"79,533,000",0.0%,"79,533,000","11,721","11,721",7,561,미국,미국,"피어메이커스스튜디오,HBO필름,파이 필름",(주)동숭아트센터,18세관람가,"범죄,드라마",구스 반 산트,"알렉스 프로스트,에릭 두런"
197,베이직,2004-02-06,"74,752,500",0.0%,"74,752,500","11,646","11,646",12,500,미국,미국,,코리아픽쳐스(주),15세관람가,액션,존 맥티어난,"사무엘 L. 잭슨,코니 닐슨,존 트라볼타"
198,러브 미 이프 유 대어,2004-03-05,"72,375,500",0.0%,"72,375,500","11,266","11,266",12,472,프랑스,프랑스,"프랑스2시네마,스튜디오 카날",(주)엔터모드,15세관람가,멜로/로맨스,얀 사뮤엘,"마리온 꼬띨라르,기욤 까네"
199,룩 앳 미,2004-12-23,"75,803,000",0.0%,"75,803,000","11,220","11,220",10,319,프랑스,프랑스,까날 플러스,(주)스폰지이엔티,15세관람가,드라마,아그네스 자우이,"마릴루 베리,장-피에르 바크리"
200,고독이 몸부림칠 때,2004-03-19,"68,938,500",0.0%,"68,938,500","10,745","10,745",20,826,한국,한국,(주)마술피리,"(주)쇼박스,영화사풍년상회(주)",15세관람가,코미디,이수인,"주현,선우용녀,김무생,박영규,송재호,양택조,진희경,이주실,서원상,김재환,김준배,김준배,이재응,이세영"
201,야마카시,2003-12-05,"65,707,500",0.0%,"65,707,500","10,032","10,032",4,264,프랑스,프랑스,,,15세관람가,"액션,드라마,범죄",아리엘 제이통,"쇼 벨 딘,윌리엄스 벨"
202,헌티드 맨션,2004-04-15,"65,121,000",0.0%,"65,121,000","9,883","9,883",14,727,미국,미국,월트디즈니컴퍼니코리아(주),한국소니픽쳐스릴리징브에나비스타영화㈜,전체관람가,코미디,롭 민코프,"에디 머피,테렌스 스탬프"
203,노 맨스 랜드,2004-12-03,"59,961,500",0.0%,"59,961,500","8,916","8,916",8,434,프랑스,프랑스,카우니핸 빌리어스 프로덕션,㈜영화사 백두대간,전체관람가,드라마,다니스 타노비치,"브랑코 쥬리치,레네 비또라야쯔"
204,팻 걸,2004-08-20,"54,722,500",0.0%,"54,722,500","8,548","8,548",7,336,프랑스,프랑스,,㈜영화사 백두대간,18세관람가,드라마,까트린느 브레이야,"아나이스 르부,록산느 메스퀴다"
205,피구의 제왕,2004-11-12,"50,122,500",0.0%,"50,122,500","7,901","7,901",19,487,미국,미국,,이십세기폭스필름코퍼레이션,12세관람가,코미디,로슨 마샬 터버,"벤 스틸러,빈스 본,크리스틴 테일러"
206,스파이 키드 3D,2004-02-13,"39,779,500",0.0%,"39,779,500","6,530","6,530",3,113,미국,미국,,CJ ENM,전체관람가,액션,로버트 로드리게즈,"알레한드로 로즈-가르시아,다릴 사바라,칼라 구기노,알렉사 베가,안토니오 반데라스"
207,배틀로얄 2 - 레퀴엠,2004-04-09,"40,402,500",0.0%,"40,402,500","6,421","6,421",14,356,일본,일본,,(주)동아수출공사,15세관람가,액션,"후카사쿠 킨지,후카사쿠 켄타","오시나리 슈고,마에다 아이"
208,클린,2004-11-26,"39,106,000",0.0%,"39,106,000","6,033","6,033",12,374,프랑스,프랑스,"센터 내셔널 드 라 시네마토그라피,까날 플러스",(주)스폰지이엔티,15세관람가,드라마,올리비에 아사야스,"장만옥,닉 놀테"
209,연애사진,2004-04-09,"39,402,500",0.0%,"39,402,500","6,021","6,021",18,399,일본,일본,쇼지쿠 컴퍼니,(주)스폰지이엔티,15세관람가,드라마,츠츠미 유키히코,"히로스에 료코,마츠다 류헤이"
210,영원과 하루,2004-11-17,"39,790,500",0.0%,"39,790,500","5,790","5,790",3,146,그리스,"그리스,프랑스,이탈리아",스튜디오 카날,㈜영화사 백두대간,전체관람가,드라마,테오 앙겔로풀로스,"브루노 간츠,이자벨 르노"
211,아웃 오브 타임,2004-03-12,"37,610,000",0.0%,"37,610,000","5,770","5,770",7,272,미국,미국,메트로-골드윈-마이어,이십세기폭스필름코퍼레이션,15세관람가,스릴러,칼 프랭클린,"에바 멘데스,덴젤 워싱턴"
212,퍼니셔,2004-09-10,"36,507,500",0.0%,"36,507,500","5,664","5,664",10,358,미국,미국,마블 엔터테인먼트,한국소니픽쳐스릴리징브에나비스타영화㈜,18세관람가,액션,조나단 헨스라이,"토마스 제인,존 트라볼타"
213,황산벌,2003-10-17,"41,549,500",0.0%,"41,549,500","5,602","5,602",5,156,한국,한국,(주)씨네월드,(주)씨네월드,15세관람가,코미디,이준익,"박중훈,정진영,오지명,김병철,김선아,김윤태,이문식,조대은,김만수,김현두,나수원,조철현,박희영,한기업,주은영,권진모,김대중,김덕수,민성주,이지홍,이환,최석환,박수현,김진섭,이준희,김영조,김요한,이원종,신정근,우현,손진호,정대용,전원주,고규필,류승수,조달환,이상훈,박윤호"
214,카우 삼총사,2004-08-06,"34,027,500",0.0%,"34,027,500","5,592","5,592",9,201,미국,미국,월트 디즈니 픽쳐스,한국소니픽쳐스릴리징브에나비스타영화㈜,전체관람가,애니메이션,"윌 핀,존 샌포드","랜디 퀘이드,주디 덴치,제니퍼 틸리"
215,내겐 너무 아찔한 그녀,,"38,127,500",0.0%,"38,127,500","5,522","5,522",9,358,미국,미국,폭스2000픽처스,이십세기폭스코리아(주),18세관람가,코미디,루크 그린필드,"에밀 허쉬,엘리샤 커스버트"
216,천년여우,2004-07-09,"33,891,000",0.0%,"33,891,000","5,472","5,472",10,263,일본,일본,매드하우스(マッドハウス),무비즈엔터테인먼트㈜,12세관람가,"스릴러,애니메이션",곤 사토시,
217,날으는 돼지 - 해적 마테오,2004-07-24,"34,216,000",0.0%,"34,216,000","5,466","5,466",6,180,한국,한국,동우에이앤이(주),에이아이씨코리아(AIC KOREA),전체관람가,애니메이션,송근식,"강수진,노민우,이장우,김호성,서영준,서원석,서원석,김학철"
218,[통합]단편영화,,"24,322,000",0.0%,"24,322,000","4,651","4,651",2,318,기타,기타,,,,,,
219,러브 인 아프리카,2004-12-10,"29,207,000",0.0%,"29,207,000","4,590","4,590",6,198,독일,독일,바바리아필름,(주)튜브엔터테인먼트,15세관람가,드라마,까롤리네 링크,"메랍 니니트쩨,율리안느 콜러,레아 쿠르카"
220,붙어야 산다,2004-02-27,"29,152,000",0.0%,"29,152,000","4,581","4,581",12,272,미국,미국,이십세기폭스필름코퍼레이션,이십세기폭스필름코퍼레이션,12세관람가,코미디,"바비 패럴리,피터 패럴리","맷 데이먼,그렉 키니어"
221,스노우 보더,2003-12-24,"29,847,000",0.0%,"29,847,000","4,552","4,552",1,67,프랑스,"프랑스,미국",,쇼이스트(주),15세관람가,액션,올리아스 바르코,"니콜라스 뒤보셸,그레고리 콜린"
222,더 블루스-소울 오브 맨,2004-05-14,"29,099,000",0.0%,"29,099,000","4,361","4,361",2,175,독일,독일,"카파 프로덕션,로드 무비 필름프로덕션,불칸 프로덕션",(주)스폰지이엔티,전체관람가,드라마,빔 벤더스,"제임스 블루드 울머,벡"
223,호텔 비너스,2004-09-10,"28,389,500",0.0%,"28,389,500","4,358","4,358",4,135,일본,일본,아스믹에이스엔터테인먼트,CJ ENM,12세관람가,드라마,다카하타 히데타,"쿠사나기 츠요시,이준기,박정우,조은지,유민"
224,섹스 이즈 코메디,2004-09-16,"28,148,500",0.0%,"28,148,500","4,139","4,139",2,129,프랑스,프랑스,"까날 플러스,플라치필름,프랑스텔레비젼디스트리뷰션,르 스튜디오 카날+",㈜영화사 백두대간,18세관람가,코미디,까트린느 브레이야,그레고리 콜린
225,슈퍼 사이즈 미,2004-11-12,"23,545,000",0.0%,"23,545,000","3,914","3,914",16,406,미국,미국,,(주)스튜디오이쩜영,12세관람가,다큐멘터리,모간 스퍼록,모간 스퍼록
226,엄마는 여자를 좋아해,2004-04-30,"23,383,500",0.0%,"23,383,500","3,911","3,911",6,214,스페인,스페인,,판씨네마(주),15세관람가,코미디,"다니엘라 페허만,이네스 파리스",실비아 아바스칼
227,머나먼 사랑,2004-02-13,"24,525,500",0.0%,"24,525,500","3,698","3,698",11,229,미국,미국,,UIP코리아,15세관람가,드라마,마틴 캠벨,"클라이브 오웬,안젤리나 졸리"
228,클레멘타인,2004-05-21,"22,983,000",0.0%,"22,983,000","3,562","3,562",9,247,한국,한국,펄스타 픽쳐스,(주)엔터모드,15세관람가,액션,김두영,"이동준,스티븐 시걸,은서우,김혜리,손철,윤현숙,윤현정,김규민,김희찬,김병채,김봉준,김성남,최영웅,이승윤,이영환,김영문,임호,기주봉,임혁필,전원주,최윤슬"
229,곰이 되고 싶어요,2004-01-30,"21,265,500",0.0%,"21,265,500","3,353","3,353",6,132,덴마크,덴마크,,필름뱅크(주),전체관람가,드라마,야니크 하스트럽,오토 브랜덴버그
230,코로나도,2003-12-12,"21,145,500",0.0%,"21,145,500","3,242","3,242",2,82,미국,"미국,독일",,인터비스앤파트너스(주),12세관람가,어드벤처,클라우디오 파,"크리스틴 다틸로,클레이턴 로너"
231,그 여름 가장 조용한 바다,2004-08-13,"18,894,000",0.0%,"18,894,000","3,102","3,102",1,56,일본,일본,"오피스 키타노,토호 컴퍼니","(주)영화사 진진,(주)스폰지이엔티",12세관람가,드라마,기타노 다케시,"카와하라 사부,마키 쿠로우도"
232,마법경찰 갈갈이와 옥동자,2004-02-13,"18,446,500",0.0%,"18,446,500","3,074","3,074",13,252,한국,한국,(주)토토엔터테인먼트,콜럼비아트라이스타㈜,전체관람가,코미디,이한열,"박준형,정종철,안갑용,정선교,이미혜,박석희,이수근"
233,오토기리소우,2004-04-23,"18,603,500",0.0%,"18,603,500","2,959","2,959",8,279,일본,일본,,무비즈엔터테인먼트㈜,15세관람가,공포(호러),시모야마 텐,"마츠오 레이코,오키나 메구미,사이토 요이치로"
234,프리키 프라이데이,2004-04-02,"18,798,500",0.0%,"18,798,500","2,862","2,862",11,279,미국,미국,,한국소니픽쳐스릴리징브에나비스타영화㈜,전체관람가,코미디,마크 S. 워터스,"제이미 리 커티스,린제이 로한,해롤드 굴드,채드 마이클 머레이"
235,맥덜,2004-09-03,"16,913,000",0.0%,"16,913,000","2,824","2,824",17,257,홍콩,홍콩,"블리스픽쳐스,런치타임 프로덕션",(주)스폰지이엔티,전체관람가,애니메이션,원건도,"황추생,임해봉"
236,나에게 유일한,2004-08-06,"18,060,500",0.0%,"18,060,500","2,725","2,725",1,101,이탈리아,이탈리아,판당고,(주)동숭아트센터,15세관람가,코미디,가브리엘 무치노,"실비오 무치노,줄리아 스테게왈트"
237,6월의 뱀,2004-12-10,"17,850,000",0.0%,"17,850,000","2,718","2,718",7,292,일본,일본,카이쥬 씨어터,(주)마블엔터테인먼트,18세관람가,미스터리,츠카모토 신야,"구로사와 아스카,코타리 유지,츠카모토 신야"
238,베른의 기적,2004-09-10,"16,273,000",0.0%,"16,273,000","2,618","2,618",11,227,독일,독일,"세나토르 필름 프로덕션,세븐 픽쳐스","무비즈엔터테인먼트㈜,팝엔터테인먼트",전체관람가,드라마,손케 보르트만,"루이스 클람로스,피터 로메이어,사스카 고펠"
239,마이 제너레이션,2004-12-03,"16,793,500",0.0%,"16,793,500","2,559","2,559",3,224,한국,한국,엔디에스오삼일칠,아트플러스시네마네트워크,15세관람가,드라마,노동석,"이명수,유재경,최두영,김병석,최재훈,안슬기,박경목,이성중,이광우"
240,모두 하고 있습니까?,2004-08-06,"15,333,000",0.0%,"15,333,000","2,546","2,546",1,42,일본,일본,,"(주)영화사 진진,(주)스폰지이엔티",18세관람가,코미디,기타노 다케시,"히다리 토키에,하쿠류"
241,미스틱 리버,2003-12-05,"14,897,000",0.0%,"14,897,000","2,379","2,379",3,89,미국,미국,,워너브러더스 코리아(주),15세관람가,"미스터리,드라마,범죄",클린트 이스트우드,"숀 펜,팀 로빈스,케빈 베이컨"
242,호미사이드,2003-12-12,"13,968,000",0.0%,"13,968,000","2,067","2,067",2,53,미국,미국,콜럼비아트라이스타,콜럼비아트라이스타,15세관람가,"액션,범죄,코미디",론 쉘톤,"해리슨 포드,조쉬 하트넷"
243,아임 낫 스케어드,2004-08-06,"12,147,500",0.0%,"12,147,500","1,842","1,842",1,52,스페인,스페인,,(주)씨네진,12세관람가,드라마,가브리엘 살바토레,마티아 디 피에로
244,송환,2004-03-19,"11,672,000",0.0%,"11,672,000","1,829","1,829",3,157,한국,한국,푸른영상,㈜인디스토리,12세관람가,다큐멘터리,김동원,"김선명,조창손,김영식"
245,무간도2 - 혼돈의 시대,2003-12-05,"12,202,500",0.0%,"12,202,500","1,826","1,826",3,96,홍콩,홍콩,브에나비스타인터내셔널,태창엔터테인먼트(주),15세관람가,"범죄,드라마","유위강,맥조휘","진관희,여문락,황추생,증지위"
246,씨비스킷,2003-11-21,"11,926,500",0.0%,"11,926,500","1,795","1,795",3,109,미국,미국,브에나비스타인터내셔널,월트디즈니코리아㈜,12세관람가,드라마,게리 로스,"토비 맥과이어,제프 브리지스"
247,쿼바디스 도미네,2004-12-10,"10,546,500",0.0%,"10,546,500","1,786","1,786",5,190,폴란드,폴란드,"HBO필름,텔레위쟈 폴스카,제스폴 필모이 ""토르""",신한영화(주),15세관람가,드라마,예르지 카발레로비치,"파웰 데라그,마그데레나 미엘카즈"
248,3-4X10월,2004-08-20,"10,045,000",0.0%,"10,045,000","1,759","1,759",1,56,일본,일본,,(주)스폰지이엔티,18세관람가,코미디,기타노 다케시,"야나기 유레이,오노 마사히코,이구치 다카히토"
249,8 마일,2003-02-21,"10,214,000",0.0%,"10,214,000","1,629","1,629",2,55,미국,미국,,"유니버설픽쳐스인터내셔널 코리아(유),유아이피-씨아이씨영화및비디오배급(유)","18세관람가,15세이상관람가",드라마,커티스 핸슨,"에미넴,킴 베이싱어,브리트니 머피,안소니 마키"
250,고하토,2004-04-23,"10,632,500",0.0%,"10,632,500","1,613","1,613",9,242,일본,일본,"오시마 프로덕션즈,카도카와 쇼튼 퍼블리싱,이마지카 코퍼레이션",(주)오시네마,15세관람가,드라마,오시마 나기사,"마츠다 류헤이,기타노 다케시"
251,싸이퍼,2003-11-28,"9,910,000",0.0%,"9,910,000","1,579","1,579",1,38,미국,미국,,(주)오시네마,15세관람가,"스릴러,액션",빈센조 나탈리,"제레미 노담,루시 루"
252,붉은 다리 아래 따뜻한 물,2004-04-30,"9,398,700",0.0%,"9,398,700","1,457","1,457",3,102,일본,일본,"카트린 뒤사르 프로덕션,꼼 데 시네마,에이세이 게키요,이마무라프로덕션,니카추",(주)동숭아트센터,18세관람가,드라마,이마무라 쇼헤이,"시미즈 미사,바이쇼 미츠코"
253,신설국,2004-02-27,"8,924,000",0.0%,"8,924,000","1,308","1,308",7,108,일본,일본,케이에스에스,(주)동아수출공사,18세관람가,드라마,코토 코이치,"오쿠다 에이지,유민"
254,네드 켈리,2004-04-16,"8,074,500",0.0%,"8,074,500","1,270","1,270",6,178,호주,호주,"AFC(Australian Film Commission),스튜디오 카날,더 오스 그룹,워킹 타이틀 필름",UIP코리아,15세관람가,드라마,그레고 조단,"히스 레저,올랜도 블룸,나오미 왓츠,제프리 러쉬"
255,스캔들-조선남녀상열지사,2003-10-02,"10,521,000",0.0%,"10,521,000","1,175","1,175",3,41,한국,한국,(주)영화사봄,CJ ENM,18세관람가,사극,이재용,"배용준,전도연,이미숙,이소연,조현재,이미지,조유나,홍진호,노승희,민경옥,박상후,이영실,박선호,김흥규,이연호,조기훈,김준수,강규성,허명행,나한일,최성민"
256,20 30 40,2004-10-22,"7,264,500",0.0%,"7,264,500","1,125","1,125",9,181,대만,대만,,한국소니픽쳐스릴리징브에나비스타영화㈜,15세관람가,"코미디,드라마",장애가,"장애가,유약영,이심결"
257,미라클 메이커,2004-04-01,"7,187,000",0.0%,"7,187,000","1,109","1,109",1,91,영국,영국,"비비씨필름즈,브리티쉬스크린,아이콘엔터테인먼트인터내셔널",,전체관람가,"드라마,애니메이션","데릭 W. 헤이즈,스탠니슬라브 소코로브","마이클 브라이언트,랄프 파인즈"
258,밝은 미래,2004-04-23,"6,910,500",0.0%,"6,910,500","1,088","1,088",1,33,일본,일본,,(주)미로비젼,12세관람가,드라마,구로사와 기요시,"아사노 타다노부,오다기리 조,후지 타츠야"
259,루니 툰 : 백 인 액션,2003-12-24,"6,840,500",0.0%,"6,840,500","1,079","1,079",1,23,미국,미국,,워너브러더스 코리아(주),전체관람가,"액션,어드벤처",조 단테,"브렌든 프레이저,제나 엘프만,티모시 달튼"
260,워킹 톨,2004-09-10,"6,799,000",0.0%,"6,799,000","1,069","1,069",6,145,미국,미국,하이드파크엔터테인먼트,이십세기폭스필름코퍼레이션,15세관람가,액션,케빈 브레이,"조니 녹스빌,드웨인 존슨"
261,붉은 돼지,2003-12-19,"7,050,000",0.0%,"7,050,000",998,998,1,9,일본,일본,,브에나비스타인터내셔널,전체관람가,"애니메이션,전쟁",미야자키 하야오,모리야마 수이치로
262,월드 오브 투모로우,2005-01-14,"3,620,000",0.0%,"3,620,000",905,905,2,4,미국,미국,파라마운트 픽쳐스,(주)쇼박스,전체관람가,SF,케리 코란,"기네스 팰트로우,주드 로,안젤리나 졸리"
263,프렌치 아메리칸,2003-11-21,"5,542,500",0.0%,"5,542,500",895,895,2,43,미국,"미국,프랑스",,이십세기폭스필름코퍼레이션,15세관람가,"멜로/로맨스,코미디",제임스 아이보리,"케이트 허드슨,나오미 왓츠"
264,실종,2004-02-27,"5,252,000",0.0%,"5,252,000",856,856,4,65,미국,미국,,한국소니픽쳐스릴리징브에나비스타영화㈜,15세관람가,스릴러,론 하워드,"토미 리 존스,에릭 슈웨이그,발 킬머,케이트 블란쳇"
265,화양연화,2000-10-20,"3,042,000",0.0%,"3,042,000",726,726,1,29,홍콩,"홍콩,프랑스",,(주)디스테이션,"15세관람가,15세이상관람가","드라마,멜로/로맨스",왕가위,"장만옥,양조위"
266,샤크,2005-01-07,"5,257,500",0.0%,"5,257,500",585,585,2,9,미국,미국,"드림웍스 애니메이션,드림웍스 SKG",CJ ENM,전체관람가,"애니메이션,코미디","비키 젠슨,롭 레터맨","윌 스미스,로버트 드 니로"
267,퍼펙트 블루,2004-05-26,"3,941,000",0.0%,"3,941,000",563,563,1,56,일본,일본,,(주)튜브엔터테인먼트,18세관람가,"스릴러,애니메이션",곤 사토시,"마츠모토 리카,츠지 신파치,이와오 준코"
268,씬,2004-03-19,"3,679,000",0.0%,"3,679,000",560,560,1,18,미국,미국,,이십세기폭스필름코퍼레이션,15세관람가,공포(호러),브라이언 헬겔랜드,"마크 애디,히스 레저,샤닌 소사몬,벤노 퓨어만"
269,오구,2003-11-28,"3,581,500",0.0%,"3,581,500",544,544,1,27,한국,한국,마오필름(주),마오필름(주),15세관람가,드라마,이윤택,"강부자,이재은,강나루,윤태웅,박종훈,추은경,박현철,이지원,장재호,권상용,김조규,조영진"
270,소녀 검객 아즈미 대혈전,2004-06-25,"3,378,500",0.0%,"3,378,500",538,538,3,45,일본,일본,도에이,(주)스폰지이엔티,18세관람가,액션,기타무라 류헤이,"우에토 아야,오다기리 조,타케나카 나오토"
271,삼사라,2004-11-26,"2,440,000",0.0%,"2,440,000",488,488,1,23,프랑스,프랑스,"판당고,판도라 필름프로덕션 ,파라다이스 필름",㈜세종커뮤니케이션스,18세관람가,드라마,판 나린,"숀 쿠,닐레샤 바보라"
272,막달레나 시스터즈,2004-05-07,"3,206,000",0.0%,"3,206,000",458,458,1,58,잉글랜드,잉글랜드,필름카운실,(주)인피니티엔터테인먼트,18세관람가,드라마,피터 뮬란,"앤-마리 듀프,노라-제인 눈"
273,취한 말들을 위한 시간,2004-07-30,"1,820,500",0.0%,"1,820,500",441,441,1,20,이란,이란,,㈜영화사 백두대간,전체관람가,드라마,바흐만 고바디,"로진 요우네시,아윱 아마디"
274,강령,2004-04-23,"2,745,500",0.0%,"2,745,500",440,440,1,26,일본,일본,,(주)미로비젼,15세관람가,공포(호러),구로사와 기요시,"후부키 준,쿠사나기 츠요시"
274,리지 맥과이어,2004-02-27,"3,082,000",0.0%,"3,082,000",440,440,1,13,미국,미국,"월트 디즈니 픽쳐스,틴 라이프 프로덕션",한국소니픽쳐스릴리징브에나비스타영화㈜,전체관람가,코미디,짐 펄,"힐러리 더프,야니 겔만,아담 램버그"
276,최후의 만찬,2003-11-14,"3,896,000",0.0%,"3,896,000",332,332,5,40,한국,한국,(주)글로벌원해바라기필름,아우라엔터테인먼트,15세관람가,코미디,손영호,"이종원,김보성,조윤희,최진희,홍지현,김헌,하근영,박태선,백종헌,강수정,장경희,장용철,임영숙,이종관,정성관,여운국,양요한,이재규,권병길"
277,키다리 아저씨,2005-01-14,"2,050,000",0.0%,"2,050,000",296,296,1,1,한국,한국,"웰메이드엔터테인먼트,(주)유빈픽쳐스",CJ ENM,12세관람가,드라마,공정식,"하지원,연정훈,신이,김정난,정준하,손민경,조원경,권태근,변민지,강혜림,김부현,김덕진,민병훈,윤여송,정영주,양혜선,금보라,박은혜,현빈,오대규,정민성"
278,브링 다운 더 하우스,2004-02-27,"2,138,500",0.0%,"2,138,500",292,292,1,13,미국,미국,터치스톤 픽처스,한국소니픽쳐스릴리징브에나비스타영화㈜,15세관람가,코미디,아담 쉥크만,"스티브 마틴,퀸 라티파,유진 레비,진 스마트"
279,지옥갑자원,2004-09-10,"1,876,000",0.0%,"1,876,000",285,285,5,43,일본,일본,,(주)영화사한결,15세관람가,코미디,야마구치 유다이,"사카구치 타크,이토 아츠시,사카키 히데오"
280,써클,2003-11-14,"1,604,500",0.0%,"1,604,500",242,242,3,18,한국,한국,㈜무비캠,비엠,18세관람가,스릴러,박승배,"강수연,정웅인,최정윤,신동수,윤민수,박재현,안성애,안정무,김기욱,최영태,이은진,윤주상"
281,베로니카 게린,2004-02-27,"1,466,500",0.0%,"1,466,500",223,223,1,13,아일랜드,아일랜드,터치스톤 픽처스,한국소니픽쳐스릴리징브에나비스타영화㈜,15세관람가,드라마,조엘 슈마허,케이트 블란쳇
282,우작,2004-11-05,"1,343,000",0.0%,"1,343,000",208,208,1,37,터키,터키,엔비시 스튜디오즈,(주)문필름코리아,15세관람가,드라마,누리 빌제 세일란,"무자페르 오즈데미르,에민 토프락"
283,케이트 앤 레오폴드,2003-10-31,"1,591,000",0.0%,"1,591,000",195,195,1,6,미국,미국,,이십세기폭스코리아(주),12세관람가,"멜로/로맨스,판타지",제임스 맨골드,"맥 라이언,휴 잭맨"
284,우리의 릴리,2003-12-05,"763,500",0.0%,"763,500",177,177,1,27,프랑스,"프랑스,캐나다",,판씨네마(주),18세관람가,드라마,끌로드 밀러,"루디빈 사니에,로벵송 스테브넹,버나드 지라드"
285,굿바이 레닌,2003-10-24,"767,000",0.0%,"767,000",155,155,1,6,독일,독일,,(주)동숭아트센터,12세관람가,"드라마,코미디",볼프강 벡커,"다니엘 브륄,카트린 사브"
286,알게 될거야,2004-02-13,"572,000",0.0%,"572,000",136,136,1,6,프랑스,"프랑스,이탈리아,독일",스튜디오 카날,(주)스폰지이엔티,15세관람가,"드라마,코미디,멜로/로맨스",자크 리베트,"세르지오 카스텔리토,마리안느 바슬레르,엘렌 드 푸제롤레,잔느 발리바"
287,인터스테이트,2003-11-14,"1,007,500",0.0%,"1,007,500",135,135,1,8,미국,"미국,캐나다",,프라임픽쳐스,12세관람가,"어드벤처,판타지,드라마",밥 게일,"제임스 마스던,게리 올드만"
288,욕망,2004-02-20,"870,000",0.0%,"870,000",125,125,2,44,한국,한국,(주)명필름,,18세관람가,드라마,김응수,"안내상,이수아,이동규,송영근,주미진,오성훈,최영재,장소연,최정인"
289,엘시드 - 전설의 영웅,2004-02-13,"695,000",0.0%,"695,000",122,122,1,6,스페인,스페인,,아우라엔터테인먼트,전체관람가,사극,호셉 포조,"나탈리아 버베크,산초 가르시아,마넬 프엔티스"
289,카란디루,2004-09-10,"853,000",0.0%,"853,000",122,122,1,13,아르헨티나,아르헨티나,,한국소니픽쳐스릴리징브에나비스타영화㈜,15세관람가,드라마,헥터 바벤코,"루이즈 카를로스 바스콘셀로스,밀헴 코타즈"
291,아들,2004-02-20,"533,500",0.0%,"533,500",109,109,1,6,프랑스,"프랑스,벨기에",,(주)동숭아트센터,18세관람가,드라마,"장 피에르 다르덴,뤽 다르덴","올리비에 구르메,나심 하사이니"
292,깝스,2003-11-05,"969,000",0.0%,"969,000",103,103,1,5,스웨덴,"스웨덴,덴마크",,인터비스앤파트너스(주),12세관람가,"코미디,액션",요제프 파레스,"토켈 페터슨,파레스 파레스"
293,동갑내기 과외하기,2003-02-07,"633,500",0.0%,"633,500",102,102,1,1,한국,한국,코리아 엔터테인먼트,CJ ENM,12세관람가,코미디,김경형,"김하늘,권상우,공유,김지우,백일섭,김혜옥,김자옥,오승근,이성진,손영민,송병철,신지현,박정률,박종일,박지선,나수원,지길웅,김대근,김광열,정광재,채성진,정우,서범식,박효준,서동원,정희태"
294,달은...해가 꾸는 꿈,1992-02-29,"594,000",0.0%,"594,000",99,99,1,2,한국,한국,,,고등학생이상관람가,"드라마,멜로/로맨스,범죄",박찬욱,"이승철,나현희,송승환,이기열"
295,봄 여름 가을 겨울 그리고 봄,2003-09-19,"475,000",0.0%,"475,000",95,95,1,3,한국,한국,"(주)엘제이필름,판도라 필름프로덕션",코리아픽쳐스(주),15세관람가,드라마,김기덕,"오영수,김기덕,김영민,서재경,차수아,지대한,김종호,송민영,김정영"
296,도그빌,2003-08-01,"332,000",0.0%,"332,000",67,67,1,4,덴마크,덴마크,,,18세관람가,"범죄,드라마",라스 폰 트리에,"니콜 키드먼,해리엇 안데르손"
297,카우보이 비밥-천국의문,2003-10-03,"228,000",0.0%,"228,000",57,57,1,5,일본,일본,,콜럼비아트라이스타㈜,12세관람가,"애니메이션,액션",와타나베 신이치로,"이시즈카 운쇼,야마데라 코이치"
298,복수는 나의 것,2002-03-28,"312,000",0.0%,"312,000",52,52,1,4,한국,한국,(주)스튜디오박스,CJ ENM,18세관람가,"범죄,스릴러",박찬욱,"신하균,송강호,배두나,최아라,한보배,문금영,윤명오,이윤미,이정욱,이대연,신정근,기주봉,이금희,지대한,이칸희"
299,반지의 제왕 : 두개의 탑,2002-12-19,"84,000",0.0%,"84,000",42,42,1,4,미국,미국,,"워너브러더스 코리아(주),(주)시네마서비스",12세관람가,"액션,어드벤처,판타지",피터 잭슨,"일라이저 우드,이안 맥켈런,비고 모텐슨,숀 애스틴,리브 타일러,올랜도 블룸,숀 빈,빌리 보이드,케이트 블란쳇,휴고 위빙"
300,정사2,,"218,500",0.0%,"218,500",39,39,1,21,핀란드,핀란드,솔라 필름,,18세관람가,멜로/로맨스,미나 비르타넨,"미 그론룬드,닉케 리그넬"
301,선택,2003-10-24,"128,000",0.0%,"128,000",32,32,1,13,한국,한국,"영필름,(주)신씨네",영화사청어람(주),15세관람가,드라마,홍기선,"김종철,김중기,안석환,신범수,조용득,조우영,김동진,박형진,이정희,한남규,강성삼,최백락,김태민,정철호,이지상,이현주,손병호,최일화,박충선,장희철,권태원,주부진,우광훈"
302,여섯 개의 시선,2003-11-14,"186,000",0.0%,"186,000",31,31,1,3,한국,한국,국가인권위원회,영화사청어람(주),12세관람가,드라마,"여균동,정재은,임순례,박찬욱,박진표","이설희,백종학,변정수,김보현,주진모,지진희,한은지,오달수,강경윤,김현수,길해연,정인겸"
302,음양사2,2004-06-25,"201,500",0.0%,"201,500",31,31,1,1,일본,일본,"도호쿠신샤,티비에스",(주)아펙스 엔터테인먼트,15세관람가,사극,타키타 요지로,"후카다 쿄코,노무라 만사이"
304,미소,2004-02-13,"128,000",0.0%,"128,000",26,26,1,3,한국,한국,"미소필름,(주)가을엔터테인먼트",미소필름,15세관람가,드라마,박경희,"추상미,조성하,송일곤,김수진,김은영,진경,손원평,송상석,김효정,최형락,유혜숙,오승욱,양희정,이찬호,이일호,장민호,손병호,이찬호,최정열,김수진"
305,스페니쉬 아파트먼트,2004-01-01,"100,000",0.0%,"100,000",25,25,1,3,스페인,스페인,,이십세기폭스필름코퍼레이션,15세관람가,코미디,세드릭 클래피쉬,"주디스 고드레쉬,로맹 뒤리스"
306,3인조,1997-05-24,"120,000",0.0%,"120,000",20,20,1,4,한국,한국,(주)씨네이천,,연소자관람불가,"액션,코미디",박찬욱,"이경영,김민종,정선경,도금봉,김부선,김성미,이인철,이기열,안길강"
307,반지의 제왕 : 반지원정대,2001-12-31,"38,000",0.0%,"38,000",19,19,1,8,미국,미국,,"워너브러더스 코리아(주),(주)시네마서비스",12세관람가,드라마,피터 잭슨,"일라이저 우드,이안 맥켈런,비고 모텐슨,숀 애스틴,리브 타일러,올랜도 블룸,숀 빈,빌리 보이드,케이트 블란쳇,휴고 위빙"
308,미로,2004-11-26,"105,000",0.0%,"105,000",18,18,1,9,프랑스,프랑스,알렉시스필름즈,(주)씨네진,15세관람가,스릴러,르네 망조르,"실비 테스튀,램버트 윌슨"
309,영매-산자와 죽은자의 화해,2003-09-05,"56,000",0.0%,"56,000",14,14,1,3,한국,한국,(주)엠엔에프씨,(주)엠엔에프씨,12세관람가,다큐멘터리,박기복,"설경구,박영자,채정례,채둔굴,김두남,박진섭,이해경"
310,살인의 추억,2003-04-25,"13,000",0.0%,"13,000",13,13,1,1,한국,한국,(주)싸이더스,CJ ENM,15세관람가,스릴러,봉준호,"송강호,김상경,김뢰하,정인선,한충환,김효성,이강산,김민철,최현기,심성보,김희진,한성근,서민수,김경래,강진희,이상욱,윤박지,박상우,박소현,김철용,김영관,류태호,박노식,박진우,변희봉,서영화,신현종,조덕제,이재응,유승목,손진호,신동환,최종률,손강국,박현영,권병길,신문성,염혜란,전미선,최교식,곽수정,천명재"
310,펀치 드렁크 러브,2003-05-08,"52,000",0.0%,"52,000",13,13,1,3,미국,미국,콜럼비아트라이스타,콜럼비아트라이스타,15세관람가,"멜로/로맨스,코미디",폴 토마스 앤더슨,"아담 샌들러,에밀리 왓슨"
312,웰컴 프레지던트,,"76,000",0.0%,"76,000",11,11,1,5,미국,미국,인터미디어필름,,12세관람가,코미디,도널드 페트리,레이 로마노
313,로드무비,2002-10-17,"70,000",0.0%,"70,000",10,10,1,5,한국,한국,(주)싸이더스,"(주)시네마서비스,영화사청어람(주)",18세관람가,드라마,김인식,"황정민,정찬,서린,최현석,박경환,김윤미,정석원,김광태,정석원,이재응,한기중,손진호,김기천"
313,햄릿 2000,,"70,000",0.0%,"70,000",10,10,1,2,미국,미국,더블 A 필름,,15세관람가,드라마,케네스 브래너,"에단 호크,케네스 브래너,카일 맥라클란,빌 머레이"
315,킬러들의 수다,2001-10-12,"35,000",0.0%,"35,000",7,7,1,2,한국,한국,(주)시네마서비스,(주)시네마서비스,15세관람가,코미디,장진,"정진영,원빈,신현준,정재영,신하균,공효진,김민교,김준석,김지영,호산,김형중,한용수,민윤정,류승범,양동재,김영웅,이정환,조덕현,김학철,윤주상"
316,디 아더스,2002-01-10,"30,000",0.0%,"30,000",6,6,1,2,미국,미국,,"와이드 릴리즈(주),(주)씨네월드","12세이상관람가,전체관람가","미스터리,공포(호러)",알레한드로 아메나바르,"니콜 키드먼,알라키나 만,제임스 벤틀리"
317,아저씨 우리 결혼할까요?,2004-10-15,"21,000",0.0%,"21,000",4,4,1,3,홍콩,홍콩,,씨네파크,12세관람가,코미디,완세생,"채탁연,정이건,오요한"
318,기브 잇 올,2004-10-14,"19,500",0.0%,"19,500",3,3,1,2,일본,일본,"알타미라픽쳐스,후지텔레비젼네트웍",,전체관람가,드라마,이소무라 이츠미치,"시미즈 마미,타나카 레나"
318,어머! 물고기가 됐어요,2002-07-26,"15,000",0.0%,"15,000",3,3,1,2,덴마크,덴마크,,시나브로엔터테인먼트(주),전체관람가,"가족,어드벤처",마이클 헤그너,"테리 존스,알란 릭맨"
320,블루베리,,"13,000",0.0%,"13,000",2,2,1,1,프랑스,"프랑스,멕시코,영국",,,18세관람가,액션,얀 쿠넹,"뱅상 카셀,줄리엣 루이스,마이클 매드슨"
320,수취인불명,2001-06-02,"10,000",0.0%,"10,000",2,2,1,1,한국,한국,"(주)엘제이필름,(주)김기덕 필름",(주)튜브엔터테인먼트,18세관람가,드라마,김기덕,"조재현,김영민,김진만,양동근,반민정,나혜미,김상원,전성애,이민옥,이흥욱,권남희,김정호,김준용,오정세"
320,천지영웅,2004-12-10,"6,000",0.0%,"6,000",2,2,1,3,홍콩,홍콩,,한국소니픽쳐스릴리징브에나비스타영화㈜,15세관람가,드라마,하평,"조미,쟝 웬(강문),왕학기,강문"
323,공공의 적,2002-01-24,"6,500",0.0%,"6,500",1,1,1,1,한국,한국,(주)시네마서비스,(주)시네마서비스,18세관람가,"범죄,액션",강우석,"설경구,이성재,강신일,안내상,이문식,성지루,유해진,허명행,조규성,조영민,조용수,김병인,금종택,서범식,명영호,김다은,김경은,서지오,전재홍,정기성,양재성,이충희,안석환,기주봉,윤문식,김강일,이도겸,권병길,이칸희,권태원,김경룡"
323,공동경비구역 JSA,2000-09-08,"6,000",0.0%,"6,000",1,1,1,2,한국,한국,(주)명필름,CJ ENM,15세관람가,"드라마,미스터리",박찬욱,"송강호,이병헌,이영애,신하균,김태우,김광일,이종용,이대연,김명수,이한위,기주봉,원근희"
325,금발이 너무해 2,2003-10-02,0,0.0%,0,0,0,1,1,미국,미국,,이십세기폭스필름코퍼레이션,12세관람가,코미디,찰스 허먼-움펠드,"리즈 위더스푼,루크 윌슨"
325,"나를 책임져, 알피",2005-01-21,0,0.0%,0,0,0,1,3,미국,미국,파라마운트 픽쳐스,UIP코리아,18세관람가,코미디,찰스 샤이어,"주드 로,마리사 토메이"
325,듀엣,,0,0.0%,0,0,0,1,1,중국,중국,,,,드라마,진려,
325,스왈로우테일 버터플라이,2005-06-23,0,0.0%,0,0,0,1,5,일본,일본,록웰아이즈 (ロックウェルアイズ),(주)튜브엔터테인먼트,18세관람가,드라마,이와이 슌지,"미카미 히로시,차라,이토 아유미"
325,위험한 유혹,2002-11-14,0,0.0%,0,0,0,1,1,미국,미국,,이십세기폭스필름코퍼레이션,15세관람가,스릴러,존 폴슨,"제시 브래포드,에리카 크리스틴슨"
325,주온,2003-06-27,0,0.0%,0,0,0,1,2,일본,일본,,프라임픽쳐스,12세관람가,공포(호러),시미즈 다카시,"이토 미사키,오키나 메구미"
325,춤추는 대수사선,2000-07-22,0,0.0%,0,0,0,1,4,일본,일본,후지텔레비젼네트웍,,12세관람가,"범죄,액션,코미디",모토히로 카츠유키,오다 유지
325,캐리비안의 해적 : 블랙펄의 저주,2003-09-05,0,0.0%,0,0,0,1,1,미국,미국,"월트 디즈니 픽쳐스,제리 브룩하이머 필름,터치스톤 픽쳐스",월트디즈니코리아㈜,12세관람가,"어드벤처,액션,코미디",고어 버빈스키,"조니 뎁,제프리 러쉬"
325,콜래트럴 데미지,2002-02-07,0,0.0%,0,0,0,3,3,미국,미국,,워너브러더스 코리아(주),15세관람가,액션,앤드류 데이비스,아놀드 슈왈제네거
325,클래식,2003-01-30,0,0.0%,0,0,0,1,2,한국,한국,(주)에그필름,(주)시네마서비스,12세관람가,드라마,곽재용,"손예진,조승우,조인성,이기우,서영희,김미진,이성훈,추현경,송윤회,신승수,한규태,김병옥,한정근,김성증,이서,이승철,이주열,안호완"
325,투 터프 가이즈,2004-12-31,0,0.0%,0,0,0,1,1,스페인,스페인,임파라,씨네파크,18세관람가,코미디,후안 마르티네즈 모레노,"엘레나 아나야,안토니오 레시네스"
325,플라스틱 트리,2003-08-29,0,0.0%,0,0,0,1,1,한국,한국,알지프린스필름(주),무비즈엔터테인먼트㈜,18세관람가,스릴러,어일선,"김인권,조은숙,김정현,김무진,김윤식,박정호,박주복,임헌표,변두환,강지은,박성호,김영태,김도영"
325,환생,2003-10-31,0,0.0%,0,0,0,1,1,일본,일본,,시나브로엔터테인먼트(주),전체관람가,"멜로/로맨스,드라마",시오타 아키히코,"쿠사나기 츠요시,다케우치 유코"
합계,,,"449,658,580,706",,"449,658,580,706","70,641,827","70,641,827","13,096","1,170,453",,,,,,,,
