,영화명,개봉일,매출액,누적매출액,관객수,누적관객수,스크린수,상영횟수,대표국적,배급사,등급,장르,감독
0,점입가경,2008-06-27,5000,5000,1,1,1,1,한국,,,장르없음,문성일
1,시저와 클레오파트라,1954-10-27,2090000,11169000,1045,5230,1,12,영국,,12세 관람가 ,장르없음,가브리엘 파스칼
2,수자쿠,Apr-08,864000,2627500,127,401,1,2,일본,,,장르없음,가와세 나오미
3,콜디츠 스토리,,1894000,1894000,947,947,1,15,영국,,,장르없음,가이 해밀튼
4,즐기는 성희 마사지,2018-09-06,6000,6000,1,1,1,1,일본,,[국내] 청소년 관람불가,장르없음,가토 유야
5,일정식집 거유모녀,2018-07-12,6000,6000,1,1,1,1,일본,,[국내] 청소년 관람불가,장르없음,가토 코우지
6,우리가족같이,2018-10-29,976000,976000,177,177,19,19,한국,,[국내] 청소년 관람불가,장르없음,감수성
7,매혈,,21250,21250,17,17,1,1,한국,,,장르없음,강경태
8,무덤가,,21250,21250,17,17,1,1,한국,,,장르없음,강경태
9,헝거,,385000,385000,55,55,1,3,한국,,,장르없음,강다연
10,사랑의 원자탄,1977-11-09,3288000,3288000,1627,1627,1,46,한국,,[국내] 12세 관람가,장르없음,강대진
11,이빨 두 개,,230234,230234,99,99,1,8,한국,인디스토리,,장르없음,강이관
12,사십구일째 날,,24000,311500,6,236,1,1,한국,,,장르없음,강진아
13,저 언덕을 넘어서,1968-05-17,774000,774000,387,387,1,5,한국,,,장르없음,강찬우
14,아름다운 팔도강산,1972-01-01,6343000,9749000,3170,4873,1,45,한국,,[국내] 전체 관람가,장르없음,강혁
15,어린 이모,2018-05-09,1000000,1000000,180,180,20,20,한국,,[국내] 청소년 관람불가,장르없음,계장혁
16,영 앳 하트,,366000,9439000,183,4488,1,8,미국,,[국내] 15세 관람가,장르없음,고든 더글라스
17,디스턴스,,1962000,1962000,337,337,1,3,일본,,,장르없음,고레에다 히로카즈
18,검은 강,,362000,362000,57,57,1,2,일본,,,장르없음,고바야시 마사키
19,철낭자,1971-04-30,890000,2407000,445,1201,1,15,한국,,[국내] 15세 관람가,장르없음,고보수
20,히토키리,,156000,156000,31,31,1,3,일본,,,장르없음,고사 히데오
21,태양은늙지않는다,1970,1819000,1819000,907,907,1,20,한국,,,장르없음,고영남
22,화성에 가다,,5000,5000,1,1,1,1,한국,,,장르없음,고은기
23,비폭력저항: 평화롭게 아내의 입을 틀어막는 법,,145034,145034,144,144,1,8,한국,,,장르없음,곽지혜
24,거미의 눈동자,2004-03-09,398000,398000,61,61,1,2,일본,,,장르없음,구로사와 기요시
25,"군나르, 신을 찾아가다",,108500,108500,25,25,1,2,노르웨이,,,장르없음,군나르 할 옌센
26,배구레슨,,66933,66933,67,67,1,3,한국,,,장르없음,권만기
27,표류도,1960-12-17,1194000,1194000,597,597,1,9,한국,,,장르없음,권영순
28,질식,,373408,373408,224,224,1,4,한국,,,장르없음,권오광
29,기러기 아빠,1970,848000,12172500,424,6082,1,30,한국,,,장르없음,권혁진
30,스테이지 도어,,104000,104000,22,22,1,3,미국,,,장르없음,그레고리 라 카바
31,필 마이 러브,,59000,59000,10,10,1,2,벨기에,,,장르없음,그리에 텍크
32,아내의 폭풍불륜,2017-07-13,6000,6000,1,1,1,1,일본,,[국내] 청소년 관람불가,장르없음,긴 류지
33,유부녀의 육체정산,2017-08-03,6000,6000,1,1,1,1,일본,,[국내] 청소년 관람불가,장르없음,긴 류지
34,좋아죽는 미망인,2017-08-10,6000,6000,1,1,1,1,일본,,[국내] 청소년 관람불가,장르없음,긴 류지
35,초흥분 여관 여주인,2017-08-03,6000,6000,1,1,1,1,일본,,[국내] 청소년 관람불가,장르없음,긴 류지
36,남편 몰래 날마다 신음하는 거유비서,2018-03-24,6000,6000,1,1,1,1,일본,,[국내] 청소년 관람불가,장르없음,긴다이치 코고로
37,크로노스,,679000,679000,96,96,1,3,멕시코,,12세 관람가 ,장르없음,길예르모 델 토로
38,호두,,82656,82656,36,36,1,1,한국,,,장르없음,김강수
39,끝나지 않은 세월,,77000,77000,11,11,1,2,한국,,,장르없음,김경률
40,학습된 두려움과 과대망상,,15004,15004,7,7,1,2,한국,,,장르없음,김경만
41,겨울의 피아니스트,,426800,426800,258,258,1,17,한국,,,장르없음,김경희
42,형사 배삼룡,1975-03-22,698000,698000,349,349,1,23,한국,,[국내] 15세 관람가,장르없음,김기
43,떠날 때는 말없이,1964,896000,7077000,448,3536,1,12,한국,,,장르없음,김기덕
44,광란의 사랑,,7000,7000,14,14,1,2,한국,,,장르없음,김기동
45,렌의 애가,1969-01-01,2008000,3300000,1004,1650,1,30,한국,,,장르없음,김기영
46,암행어사와 흑두건,1969,1384000,2730000,691,1359,1,22,한국,,,장르없음,김기풍
47,철부지 아씨,1968-03-14,1436000,7451000,718,3688,1,27,한국,,,장르없음,김기풍
48,가정방문,,528140,528140,398,398,1,4,한국,,,장르없음,김도영
49,음란한 자매,2019-07-12,109000,109000,20,20,20,20,한국,,[국내] 청소년 관람불가,장르없음,김래이
50,얼음나무,,4278,4278,6,6,1,1,한국,,,장르없음,김미래
51,기린과 아프리카,,287500,287500,230,230,1,2,한국,,,장르없음,김민숙
52,열애,,294050,749050,203,567,1,17,한국,,,장르없음,김병훈
53,우리 만난 지 1년 되는 날,2012-03-08,21000,21000,3,3,2,5,한국,,[국내] 12세 관람가,장르없음,김삼력
54,러브 콜,2012-03-01,550000,550000,87,87,3,40,한국,,[국내] 15세 관람가,장르없음,김삼력
55,가리베가스,,500000,500000,25,25,1,1,한국,,,장르없음,김선민
56,미스 마플과의 하룻밤,,19839,19839,17,17,1,4,한국,,,장르없음,김세랑
57,위자료,1971-03-06,414000,414000,207,207,1,6,한국,,,장르없음,김수용
58,무영탑,1970,210000,2974000,122,1504,1,3,한국,,,장르없음,김수용
59,춘향,1968,3980000,3980000,1990,1990,1,27,한국,,,장르없음,김수용
60,구봉서의 벼락부자,1961,1756000,6332000,878,3158,1,18,한국,,,장르없음,김수용
61,청춘무정,,2478000,12988000,1239,6485,1,52,한국,,,장르없음,김수용
62,감자,1968,586000,586000,293,293,1,6,한국,,,장르없음,김승옥
63,거인의 방,,35478,35478,57,57,1,3,한국,,,장르없음,김시진
64,큰놈의 불기둥,2018-05-17,2000,2000,1,1,1,1,한국,,[국내] 청소년 관람불가,장르없음,김영민
65,팀장님의 아내,2018-11-30,2000,2000,1,1,1,1,한국,,[국내] 청소년 관람불가,장르없음,김영민
66,"오징어, 땅콩",,49039,49039,59,59,1,1,한국,,,장르없음,김원모
67,나르시스의 죽음,,65000,65000,10,10,1,2,한국,,[국내] 15세 관람가,장르없음,김응수
68,물의 기원,,139000,139000,21,21,1,1,한국,,12세 관람가 ,장르없음,김응수
69,초현실,,187000,256000,27,37,1,3,한국,,[국내] 전체 관람가,장르없음,김응수
70,개선문,1978-08-31,1200000,1200000,600,600,1,23,한국,,[국내] 12세 관람가,장르없음,김응천
71,시집 가는 날,1978-05-27,1220000,1220000,610,610,1,11,한국,,[국내] 청소년 관람불가,장르없음,김응천
72,"여름, 위를 걷다",,40800,40800,34,34,1,2,한국,,,장르없음,김이다
73,사라진 시간,,49039,49039,59,59,1,1,한국,,,장르없음,김재민
74,어깨나사,,65780,65780,92,92,1,2,한국,,,장르없음,김정한
75,바람이 지나는 길,,228822,228822,264,264,2,5,한국,씨앗,[국내] 12세 관람가,장르없음,김주임
76,체커게임에서 이기는 방법,,528000,528000,66,66,1,2,태국,,[국내] 12세 관람가,장르없음,김준표
77,"선거, 일본의 경우2",,160000,160000,33,33,1,4,한국,,,장르없음,김지영
78,휴일,,82000,1024000,14,171,1,3,한국,,,장르없음,김진무
79,24개월 후,,228000,228000,228,228,1,5,한국,,,장르없음,김찬년
80,양이 깨어나는 시간,,26400,26400,22,22,1,2,한국,,,장르없음,김창선
81,어느 쌀쌀한 보름밤,,8750,8750,7,7,1,2,한국,,,장르없음,김태엽
82,밤벌레,,531500,531500,419,419,1,6,한국,,,장르없음,김태용
83,술술,,152000,152000,152,152,1,1,한국,,,장르없음,김한결
84,집으로 오는 길,,370074,370074,222,222,1,5,한국,,,장르없음,김한라
85,열쇠,,58500,58500,39,39,1,3,한국,,,장르없음,김현철
86,여자들만 사는 거리,1976-05-15,550000,550000,275,275,1,22,한국,,[국내] 청소년 관람불가,장르없음,김호선
87,임권택 감독의 달빛 만들기,,90000,90000,18,18,1,1,한국,,,장르없음,김홍준
88,사랑할 수 없는 시간,,179000,179000,33,33,1,4,한국,,,장르없음,김희철
89,어두워지기 전에,,675000,675000,114,114,1,5,이탈리아,,,장르없음,끌로드 샤브롤
90,지옥,2010-12-14,893000,1513000,159,270,1,7,프랑스,,,장르없음,끌로드 샤브롤
91,의식,,2259000,4689000,363,750,1,7,프랑스,,,장르없음,끌로드 샤브롤
92,거근이 좋아,2018-03-05,6000,6000,1,1,1,1,일본,,[국내] 청소년 관람불가,장르없음,나가에 타카미
93,발정난 어린 아내 길들이기,2018-04-24,6000,6000,1,1,1,1,일본,,[국내] 청소년 관람불가,장르없음,나가에 타카미
94,유부녀의 불륜고백,2018-02-21,6000,6000,1,1,1,1,일본,(주) 영진크리에이티브,[국내] 청소년 관람불가,장르없음,나가에 타카미
95,부부,,790000,790000,128,128,1,5,일본,,,장르없음,나루세 미키오
96,아내,,787000,787000,134,134,1,5,일본,,,장르없음,나루세 미키오
97,여성전용 마사지 도촬,2018-07-12,6000,6000,1,1,1,1,일본,,[국내] 청소년 관람불가,장르없음,나베 유키오
98,밀회: 아내의 비밀섹스,2017-03-18,5000,5000,1,1,1,1,일본,,[국내] 청소년 관람불가,장르없음,나쿠루 하라다
99,밀회: 아내의 비밀섹스 2,2017-03-18,5000,5000,1,1,1,1,일본,,[국내] 청소년 관람불가,장르없음,나쿠루 하라다
100,거래처 여직원,2018-02-21,6000,6000,1,1,1,1,일본,(주) 영진크리에이티브,[국내] 청소년 관람불가,장르없음,나쿠루 하라다
101,비앙카,,175000,175000,25,25,1,2,이탈리아,,,장르없음,난니 모레티
102,4월,,213000,213000,42,42,1,3,프랑스,,,장르없음,난니 모레티
103,최악의 친구들,,27332,27332,10,10,1,1,한국,,,장르없음,남궁선
104,남자들,,400000,400000,251,251,1,6,한국,,,장르없음,남궁선
105,이브의 세 얼굴,,690000,690000,335,335,1,16,미국,,,장르없음,누날리 존슨
106,날으는 해병대,1963-11-02,679000,2355000,337,895,1,12,미국,,,장르없음,니콜라스 레이
107,야생의 순수,,1714000,5549000,854,2626,1,32,프랑스,,,장르없음,니콜라스 레이
108,물 위의 번개,,175000,259000,30,48,1,3,스웨덴,,,장르없음,"니콜라스 레이,빔 벤더스"
109,검은 눈동자,,432000,606000,86,120,1,1,이탈리아,,,장르없음,니키타 미할코프
110,감옥과 천국,,150000,150000,30,30,1,2,인도네시아,,,장르없음,다니엘 루디 하리얀토
111,사랑하는 시바여 돌아오라,1957-01-19,606000,3267000,303,1396,1,21,미국,,,장르없음,다니엘 만
112,동창생의 음란 마사지,2017-06-02,6000,6000,1,1,1,1,일본,,[국내] 청소년 관람불가,장르없음,다케다 히데오
113,청바지 유부녀의 유혹,2017-06-22,6000,6000,1,1,1,1,일본,,[국내] 청소년 관람불가,장르없음,다케다 히데오
114,강아지 산책중인 유부녀,2017-05-11,8000,8000,1,1,1,1,일본,,[국내] 청소년 관람불가,장르없음,다케다 히데오
115,그녀들과 레슬링,2017-04-13,8000,8000,1,1,1,1,일본,,[국내] 청소년 관람불가,장르없음,다케다 히데오
116,도쿄 황제마사지,2017-04-06,8000,8000,1,1,1,1,일본,,[국내] 청소년 관람불가,장르없음,다케다 히데오
117,미인 간호사의 성감대,2017-05-04,8000,8000,1,1,1,1,일본,,[국내] 청소년 관람불가,장르없음,다케다 히데오
118,스튜어디스 성감마사지,2017-04-06,8000,8000,1,1,1,1,일본,,[국내] 청소년 관람불가,장르없음,다케다 히데오
119,달콤한 젊은 미망인,2017-06-02,6000,6000,1,1,1,1,일본,,[국내] 청소년 관람불가,장르없음,다테 류지
120,흠뻑 젖은 아내,2017-07-06,6000,6000,1,1,1,1,일본,,[국내] 청소년 관람불가,장르없음,다테 류지
121,격렬의 거리,,22500,22500,5,5,1,1,캐나다,,,장르없음,댄 딕스
122,스위트룸,,7000,7000,14,14,1,2,이탈리아,,,장르없음,"데이비드 자마그니,나디아 라노치"
123,데스티네이션 도쿄,,642000,3213000,321,1604,1,9,미국,,,장르없음,델머 데이비스
124,프라이빗 헬 36,,198000,198000,33,33,1,2,미국,,,장르없음,돈 시겔
125,마사지를 받는 여직원들,2018-07-30,6000,6000,1,1,1,1,일본,,[국내] 청소년 관람불가,장르없음,드래곤 니시카와
126,마사지에 젖은 오르가즘,2018-08-23,6000,6000,1,1,1,1,일본,,[국내] 청소년 관람불가,장르없음,드래곤 니시카와
127,실신직전 마사지,2018-07-30,6000,6000,1,1,1,1,일본,,[국내] 청소년 관람불가,장르없음,드래곤 니시카와
128,찰진엉덩이 마사지,2018-08-23,6000,6000,1,1,1,1,일본,,[국내] 청소년 관람불가,장르없음,드래곤 니시카와
129,해외유학녀의 마사지,2018-07-30,6000,6000,1,1,1,1,일본,,[국내] 청소년 관람불가,장르없음,드래곤 니시카와
130,이제 우리는 당신을 형제라 부를 것이다,,51000,72000,39,55,1,2,칠레,,,장르없음,라울 루이즈
131,들백합,,178000,178000,67,67,1,3,미국,,,장르없음,랄프 넬슨
132,솔저 블루,1971-05-29,50000,256000,25,99,1,1,미국,,,장르없음,랄프 넬슨
133,워돈돈 - 전범의 기준,,342000,342000,125,125,1,2,미국,,,장르없음,레베카 리치만 코헨
134,레츠 고 네이티브,,138000,138000,29,29,1,2,미국,,,장르없음,레오 맥커레이
135,그녀의 속사정,2018-02-07,6000,6000,1,1,1,1,일본,,[국내] 청소년 관람불가,장르없음,레이 오자키
136,시아버지:며느리의 간호,2018-02-07,6000,6000,1,1,1,1,일본,,[국내] 청소년 관람불가,장르없음,레이 오자키
137,우리가 시도라도 했다면,,24400,24400,26,26,1,3,오스트리아,,,장르없음,레인홀드 비드너
138,즐거운 여름,,610000,610000,257,257,1,10,미국,,,장르없음,"로버트 Z. 레오나드,버스터 키튼"
139,캘리포니아 돌스,2005-06-29,498000,498000,75,75,1,2,미국,,,장르없음,로버트 알드리치
140,마지막 일몰,,797000,797000,396,396,1,12,미국,,,장르없음,로버트 알드리치
141,아마도 악마가,,1247000,1247000,189,189,1,3,프랑스,,,장르없음,로베르 브레송
142,인디아,2011-02-18,249000,249000,39,39,1,3,프랑스,,,장르없음,로베르토 로셀리니
143,무방비 도시,2004-06-29,2415000,2415000,1200,1200,1,18,이탈리아,,,장르없음,로베르토 로셀리니
144,귀다,,57250,57250,22,22,1,5,브라질,,[국내] 전체 관람가,장르없음,로사나 우르베스
145,5번가에서 생긴 일,,216000,216000,45,45,1,3,미국,,,장르없음,로이 델 루스
146,해적 소굴 잠입기,,185000,185000,43,43,1,2,캐나다,,,장르없음,"록 바이즈나우쓰,앤드류 모니즈,로저 싱,마트베이 지보프"
147,우리 할머니는 점쟁이,,33500,33500,10,10,1,2,대만,,,장르없음,루 룰루
148,실크 스타킹,,2004000,3415000,1022,1733,1,35,미국,,[국내] 12세 관람가,장르없음,루벤 마물리안
149,길은 멀어도 마음만은,1977-07-16,2014000,7576000,997,3773,1,21,스페인,,[국내] 전체 관람가,장르없음,루이스 루시아
150,폭풍의 언덕,,572000,572000,122,122,1,3,멕시코,,,장르없음,루이스 브뉘엘
151,폭력과 열정,,344000,568000,63,113,1,4,이탈리아,,,장르없음,루치노 비스콘티
152,백야,,232000,5531000,116,2406,1,7,이탈리아,,,장르없음,루치노 비스콘티
153,가벨라 극장의 움직이는 포스터,,11398,11398,51,51,1,2,크로아티아,,,장르없음,루카 부젝
154,우아한 나체들,,390600,390600,62,62,2,7,한국,,[국내] 청소년 관람불가,장르없음,루카스 발렌타 리너
155,파리의 지붕 밑,,288000,390000,61,81,1,4,프랑스,,,장르없음,르네 클레어
156,백만장자,,370000,422000,82,92,1,5,프랑스,,,장르없음,르네 클레어
157,죽은 사람들,,208000,208000,40,40,1,3,아르헨티나,,,장르없음,리산드로 알론소
158,판타스마,,220000,220000,43,43,1,3,아르헨티나,,,장르없음,리산드로 알론소
159,리버풀,,310000,310000,64,64,1,3,아르헨티나,,,장르없음,리산드로 알론소
160,자유,,402000,402000,78,78,1,3,아르헨티나,,,장르없음,리산드로 알론소
161,투게더,,314500,314500,83,83,1,4,중국,,,장르없음,리앙 자오
162,난폭한 토요일,,469000,469000,88,88,1,3,미국,,,장르없음,리차드 플레이셔
163,레드 소냐,1985-07-17,420000,420000,177,177,1,6,네덜란드,,,장르없음,리차드 플레이셔
164,나도 숟가락 살인마다,,32000,32000,32,32,1,1,미국,,,장르없음,리처드 게일
165,너도 숟가락 살인마가 될 수 있다,,32000,32000,32,32,1,1,미국,,,장르없음,리처드 게일
166,세계최초공개: 또 다른 대작,,32000,32000,32,32,1,1,미국,,,장르없음,리처드 게일
167,숟가락 vs 숟가락,,32000,32000,32,32,1,1,미국,,,장르없음,리처드 게일
168,잭에게 물어봐,,32000,32000,32,32,1,1,미국,,,장르없음,리처드 게일
169,잭을 구해줘,,32000,32000,32,32,1,1,미국,,,장르없음,리처드 게일
170,위대한 카루소,,276000,5360000,138,2645,1,10,미국,,,장르없음,리처드 소프
171,구름에가린별,,164000,164000,36,36,1,3,인도,,,장르없음,리트윅 가탁
172,겨울방학,,108000,108000,27,27,1,1,중국,,,장르없음,리홍치
173,매드하우스 베이징 로큰롤,,640000,640000,128,128,1,4,중국,,,장르없음,리홍치
174,파티,,126000,126000,24,24,1,3,포르투갈,,,장르없음,마누엘 데 올리베이라
175,제5제국,,145000,145000,33,33,1,3,포르투갈,,,장르없음,마누엘 데 올리베이라
176,글로리아,2015-09-09,240000,240000,34,34,1,2,포르투갈,,[국내] 15세 관람가,장르없음,마누엘라 비거스
177,새벽,,182000,182000,39,39,1,3,프랑스,,,장르없음,마르셀 카르네
178,야간문,,2680000,5083000,1340,2529,1,27,프랑스,,,장르없음,마르셀 카르네
179,웨딩 디렉터,,98000,98000,21,21,1,3,이탈리아,,,장르없음,마르코 벨로치오
180,승리,,306000,1046000,66,213,1,3,이탈리아,,,장르없음,마르코 벨로치오
181,"브라더, 시스터",,20000,20000,7,7,1,2,독일,,,장르없음,마리아 모어
182,그들이 잠자는 동안,,72471,72471,87,87,1,2,모로코,,,장르없음,마리암 투자니
183,치인의 사랑,,1128000,1128000,160,160,1,3,일본,,,장르없음,마스무라 야스조
184,뒤죽박죽,,282000,282000,55,55,1,3,영국,,,장르없음,마이크 리
185,베라 드레이크,,1510000,1740000,211,262,1,3,영국,,,장르없음,마이크 리
186,시라노,,3021000,3263000,1493,1614,1,20,미국,,,장르없음,마이클 고든
187,필로우 토크,,826000,10964000,413,5483,1,29,미국,,12세 관람가 ,장르없음,마이클 고든
188,24시간 파티하는 사람들,,1214000,1214000,149,149,1,4,영국,,,장르없음,마이클 윈터바텀
189,로잘린,,393000,393000,62,62,1,2,한국,,,장르없음,마티아스 피녜이로
190,도둑맞은남자,,147000,705000,26,113,1,3,아르헨티나,,,장르없음,마티아스 피녜이로
191,마지막 버스,,22200,22200,89,89,1,2,슬로바키아,,,장르없음,"마틴 스노펙,이바나 라우치코바"
192,입맞춤,,202000,202000,46,46,1,3,일본,,,장르없음,만다 쿠니토시
193,하이 눈,,464000,464000,232,232,1,13,홍콩,,,장르없음,맥희인
194,4시의 악마,,602000,602000,301,301,1,14,미국,,,장르없음,머빈 르로이
195,나쁜종자,,1082000,1082000,536,536,1,16,미국,,,장르없음,머빈 르로이
196,퀴리부인,1946-12-01,2432000,3210000,1216,1605,1,28,미국,,,장르없음,머빈 르로이
197,뿌양의 첫경험,,50000,50000,10,10,1,1,일본,,[국내] 청소년 관람불가,장르없음,메이케 미츠루
198,루시와 목소리의 대결,,122980,122980,175,175,1,2,멕시코,,,장르없음,모니카 에레라
199,육식계 간호사,2017-08-17,6000,6000,1,1,1,1,일본,,[국내] 청소년 관람불가,장르없음,모치나가 히토시
200,앤티 맘,,786000,786000,393,393,1,12,미국,,,장르없음,모튼 다코스타
201,순수의 순간,,96000,96000,32,32,1,3,이란,,전체 관람가 ,장르없음,모흐센 마흐말바프
202,단란한 가족: 너무 하고싶어요,2017-09-30,6000,6000,1,1,1,1,일본,(주) 영진크리에이티브,[국내] 청소년 관람불가,장르없음,무라야마 쿄스케
203,문감독 예고편 : 40MIN,2014-01-09,25000,684000,4,137,1,2,한국,브이지 픽쳐스,[국내] 청소년 관람불가,장르없음,문병곤
204,그녀,,20500,435500,14,429,1,2,한국,,,장르없음,문성혁
205,명도 미녀환,,70000,70000,16,16,1,3,일본,,,장르없음,미조구치 겐지
206,밤의 여인들,,128000,128000,28,28,1,3,일본,,,장르없음,미조구치 겐지
207,우타마로를 둘러싼 다섯 여인들,,119000,119000,31,31,1,4,일본,,,장르없음,미조구치 겐지
208,여배우 스마코의 사랑,,164000,164000,33,33,1,3,일본,,,장르없음,미조구치 겐지
209,유키 부인의 초상,,330000,330000,66,66,1,5,일본,,,장르없음,미조구치 겐지
210,정복된 사람들,,252000,252000,41,41,1,2,이탈리아,,,장르없음,미켈란젤로 안토니오니
211,자브리스키 포인트,,294000,1706000,65,320,1,4,미국,,,장르없음,미켈란젤로 안토니오니
212,물방울 원피스의 유부녀,2018-07-30,6000,6000,1,1,1,1,일본,,[국내] 청소년 관람불가,장르없음,미타니 유키오
213,이해할 수 없는 사랑,,107000,107000,17,17,1,1,러시아,,[국내] 15세 관람가,장르없음,미하일 루카체프스키
214,기적,,721000,721000,103,103,1,3,한국,,[국내] 12세 관람가,장르없음,민병훈
215,열병,,58500,58500,39,39,1,3,한국,,,장르없음,민용근
216,미안합니다,,78000,78000,45,45,1,4,한국,,,장르없음,박명랑
217,내사랑 제제,,10000,10000,2,2,1,1,한국,,,장르없음,박배일
218,처음엔 다 그래,2017-09-14,950000,950000,176,176,16,16,한국,,[국내] 청소년 관람불가,장르없음,박선재
219,플라잉 피그,,24400,24400,21,21,1,2,한국,,,장르없음,박성미
220,열두 살,,360000,360000,51,51,1,3,한국,,,장르없음,박성진
221,경계인들,2018-10-12,72000,228000,11,31,1,2,한국,,[국내] 12세 관람가,장르없음,"박소진,배세웅"
222,제주도 야한밤,2018-03-29,1000,1000,1,1,1,1,한국,,[국내] 청소년 관람불가,장르없음,박은석
223,"괜찮아, 임마",,26400,26400,22,22,1,2,한국,,,장르없음,박인철
224,안녕 자지,,168603,168603,157,157,1,8,한국,,,장르없음,박자은
225,"믿거나 말거나, 찬드라의 경우",,144000,144000,144,144,1,2,한국,,,장르없음,박찬욱
226,미확인 미행물체,,19839,19839,17,17,1,4,한국,,,장르없음,백의정
227,혁명 전야,,1613000,1613000,247,247,1,6,이탈리아,,,장르없음,베르나르도 베르톨루치
228,음악으로 이루어진 세계,,466000,466000,70,70,1,2,독일,,,장르없음,베르너 헤어조크
229,"1,2,3 태양",,348000,348000,72,72,1,3,프랑스,,,장르없음,베르트랑 블리에
230,통행증,,526000,559000,112,123,1,2,프랑스,,,장르없음,베르트랑 타베르니에
231,엘 모비미엔토,,30000,30000,6,6,1,1,한국,,[국내] 15세 관람가,장르없음,벤자민 나이스타트
232,아시아에서 여성으로 산다는 것,,210000,210000,42,42,1,1,한국,,,장르없음,변영주
233,유혹,1969-12-06,994000,994000,497,497,1,6,한국,,,장르없음,변장호
234,청춘극장,1975-09-20,1572000,1572000,786,786,1,15,한국,,[국내] 12세 관람가,장르없음,변장호
235,눈물의 웨딩드레스,1973-07-21,3275000,3275000,1625,1625,1,26,한국,,,장르없음,변장호
236,할리마,,48343,48343,29,29,1,2,독일,,,장르없음,보리스 샤르슈미트
237,위험한 관계,1994-11-05,279000,279000,100,100,1,3,이탈리아,,[국내] 청소년 관람불가,장르없음,브루노 가부로
238,그레이트 레이스,,40000,40000,20,20,1,1,미국,,[국내] 12세 관람가,장르없음,블레이크 에드워즈
239,밀애,1971-08-20,93000,93000,37,37,1,3,미국,,,장르없음,블레이크 에드워즈
240,버섯,,155000,155000,31,31,1,2,인도,,,장르없음,비묵티 자야순다라
241,올다,,42000,42000,10,10,1,2,슬로바키아,,,장르없음,비에라 차카뇨바
242,구두닦이,,144000,144000,48,48,1,5,이탈리아,,,장르없음,비토리오 데 시카
243,나폴리의 황금,,1617000,4625000,806,2026,1,18,이탈리아,,,장르없음,비토리오 데 시카
244,신부의 아버지,,54000,2823000,27,1138,1,6,미국,,,장르없음,빈센트 미넬리
245,디자이닝 우먼,,1874000,4405000,937,2200,1,41,미국,,,장르없음,빈센트 미넬리
246,비장의 술수,,122000,202000,61,101,1,6,미국,,,장르없음,빌리 와일더
247,시간의 흐름 속으로,,1246000,1650000,189,272,1,8,독일,,,장르없음,빔 벤더스
248,화살의 질주,,72000,72000,16,16,1,2,미국,,,장르없음,사무엘 풀러
249,철모,,96000,96000,19,19,1,2,미국,,,장르없음,사무엘 풀러
250,파크 로우,,106000,106000,21,21,1,3,미국,,,장르없음,사무엘 풀러
251,대나무집,,132000,132000,26,26,1,2,미국,,,장르없음,사무엘 풀러
252,충격의 복도,,186000,186000,38,38,1,3,미국,,,장르없음,사무엘 풀러
253,40정의 총,,194000,194000,39,39,1,3,미국,,,장르없음,사무엘 풀러
254,절름발이 악마,,505000,505000,97,97,1,8,프랑스,,[국내] 15세 관람가,장르없음,사샤 기트리
255,제주: 년의 춤,,40000,40000,10,10,1,1,한국,,,장르없음,사유진
256,망가진 아이,,31136,31136,56,56,1,3,프랑스,,,장르없음,사이몬 필리어트
257,츠바사의 알몸 연극,2018-10-19,6000,6000,1,1,1,1,일본,,[국내] 청소년 관람불가,장르없음,사카키 히데오
258,보험왕의 육체계약,2018-10-12,6000,6000,1,1,1,1,일본,,[국내] 청소년 관람불가,장르없음,사카타 히로키
259,실전 에로틱 작업기술,2018-10-02,6000,6000,1,1,1,1,일본,,[국내] 청소년 관람불가,장르없음,사카타 히로키
260,유부녀 보험 영업,2018-08-09,6000,6000,1,1,1,1,일본,,[국내] 청소년 관람불가,장르없음,사카타 히로키
261,한여름의 풍만녀들,2018-07-05,6000,6000,1,1,1,1,일본,,[국내] 청소년 관람불가,장르없음,사카타 히로키
262,불륜정사,2011-02-18,30000,30000,10,10,1,1,일본,,[국내] 청소년 관람불가,장르없음,사토 히사야스
263,폭풍의 밤,,278000,278000,59,59,1,3,벨기에,,,장르없음,샹탈 애커만
264,집에서 온 소식,,344000,1734000,70,271,1,3,프랑스,,,장르없음,샹탈 애커만
265,"8월 26일, 세인트 헨리 거리",,27500,27500,8,8,1,2,캐나다,,,장르없음,섀넌 월쉬
266,전쟁과 평화 1부,,534000,534000,79,79,1,2,기타,,[국내] 전체 관람가,장르없음,세르게이 본다르추크
267,두 번째 바람,,51000,51000,51,51,1,2,러시아,,,장르없음,세르게이 치스
268,신의 말,,252000,252000,39,39,1,1,러시아,,[국내] 15세 관람가,장르없음,세르게이 포타포프
269,정력가 스님의 호색한 생활,2017-04-27,8000,8000,1,1,1,1,일본,,[국내] 청소년 관람불가,장르없음,세키네 카즈미
270,옥시즌,,75000,75000,15,15,1,2,몽고,,,장르없음,셍게도르지 잔치브도르지
271,숀벤 라이더,,580000,2517000,84,367,1,2,일본,,,장르없음,소마이 신지
272,파라다이스 호텔,,42500,42500,9,9,1,2,불가리아,,,장르없음,소피아 차벨라
273,너무 많이 본 사나이,,80000,80000,8,8,1,1,한국,,,장르없음,손재곤
274,파마하는 날,,3200,3200,4,4,1,1,한국,,,장르없음,송상현
275,오리엔테이션,,267500,267500,214,214,1,4,한국,,,장르없음,송윤희
276,태양의 길목,,85000,85000,17,17,1,2,중국,,,장르없음,송태가
277,쿠르쿠레 몬스터포즈,,13066,13066,54,54,1,3,인도,,,장르없음,수레시 에리야트
278,퍼펙트 커플,2007-05-10,228000,1325000,47,267,1,3,일본,,[국내] 15세 관람가,장르없음,스와 노부히로
279,"항구의 건배, 승리를 나의 손에",,162000,162000,38,38,1,4,일본,,,장르없음,스즈키 세이준
280,러브레터,,177000,177000,41,41,1,4,일본,,,장르없음,스즈키 세이준
281,악마의 거리,,296000,296000,68,68,1,4,일본,,,장르없음,스즈키 세이준
282,킬링,,3210000,3284000,1590,1603,1,24,미국,,[국내] 12세 관람가,장르없음,스탠리 큐브릭
283,성전,,57500,57500,17,17,1,2,미국,,,장르없음,스티븐 마샬
284,밤으로의 긴 여로,,116000,4049000,58,2068,1,4,미국,,,장르없음,시드니 루멧
285,애마부인 미야코,2011-01-27,30000,30000,10,10,1,1,일본,,,장르없음,시모모토 사토시
286,영원,,266000,266000,34,34,1,8,태국,,[국내] 15세 관람가,장르없음,시바로지 콩사쿤
287,폭주미망인-다빌려드립니다,2018-07-30,6000,6000,1,1,1,1,일본,,[국내] 청소년 관람불가,장르없음,시즈미 다이케이
288,만종,1970,510000,510000,255,255,1,6,한국,,,장르없음,신상옥
289,삼일천하,1973-02-15,1576000,1576000,788,788,1,23,한국,,[국내] 전체 관람가,장르없음,신상옥
290,천년호,1969,860000,2078000,430,1039,1,21,한국,,,장르없음,신상옥
291,장한몽,1969,216000,4434000,108,2217,1,6,한국,,,장르없음,신상옥
292,효녀 심청,1972-11-17,790000,5075000,395,2535,1,8,한국,,[국내] 전체 관람가,장르없음,신상옥
293,다정불심,1967,1112000,6251000,556,3123,1,15,한국,,[국내] 청소년 관람불가,장르없음,신상옥
294,강화도령,1963,1961000,7811000,980,3905,1,25,한국,,,장르없음,신상옥
295,열녀문,1962,1760000,10696000,880,5097,1,23,한국,,,장르없음,신상옥
296,라라에게,,100500,100500,41,41,1,1,한국,,[국내] 15세 관람가,장르없음,신이수
297,섹스킹,,278750,278750,223,223,1,4,한국,,,장르없음,신주환
298,기념일,,22500,22500,9,9,1,1,한국,,,장르없음,심봉건
299,껍데기,,22500,22500,9,9,1,1,한국,,,장르없음,심봉건
300,남자와 기생,1969,30000,30000,3,3,1,1,한국,,[국내] 12세 관람가,장르없음,심우섭
301,남자식모,1968,981000,981000,480,480,1,20,한국,,,장르없음,심우섭
302,미로,,7000,7000,14,14,1,2,폴란드,,,장르없음,아그니에스제카 코왈체야키
303,창조물들,,266000,266000,54,54,1,3,프랑스,,[국내] 15세 관람가,장르없음,아녜스 바르다
304,행복,,6229000,6827000,953,1072,1,31,프랑스,,15세 관람가 ,장르없음,아녜스 바르다
305,돈으로 산 그녀의 정사,2018-10-05,6000,6000,1,1,1,1,일본,,[국내] 청소년 관람불가,장르없음,아라키 타로
306,성인식:남자로 만들어줄게,2018-03-05,6000,6000,1,1,1,1,일본,,[국내] 청소년 관람불가,장르없음,아마엔보 쇼군
307,커다란 두리안,,29000,29000,10,10,1,2,말레이시아,,,장르없음,아미르 무하마드
308,포스 오브 이블,,960000,960000,151,151,1,2,미국,,,장르없음,아브라함 폴론스키
309,금지된 사랑 : 나는 친구의 아내를…,2019-01-25,2000,2000,1,1,1,1,일본,,[국내] 청소년 관람불가,장르없음,아사기리 키요시
310,유레카,,1885000,1885000,276,276,1,3,일본,,,장르없음,아오야마 신지
311,몸으로 접대한 아내,2018-09-06,2000,2000,1,1,1,1,일본,,[국내] 청소년 관람불가,장르없음,아카바 키쿠지로
312,실화 섹스전화상담,2018-10-02,6000,6000,1,1,1,1,일본,,[국내] 청소년 관람불가,장르없음,아카바네 류지
313,젊은 직원 맛보기,2018-10-02,6000,6000,1,1,1,1,일본,,[국내] 청소년 관람불가,장르없음,아카바네 키쿠지로
314,친애하는 당신,,1290000,1290000,185,185,1,3,태국,,,장르없음,아핏차퐁 위라세타쿤
315,세계의 욕망 : 디지털 삼인삼색 2005,,0,5237500,0,785,1,1,한국,,,장르없음,"아핏차퐁 위라세타쿤,츠카모토 신야,송일곤"
316,시라 - 초승달의 노래,,47500,47500,14,14,1,2,스위스,,,장르없음,"아흐메드 압델 모흐센,산드라 기지"
317,우결,,248750,248750,199,199,1,8,한국,,,장르없음,안기창
318,진실한 사랑,,646000,2915000,323,1440,1,8,미국,,,장르없음,안드레 드 토스
319,머나먼 서부,,1867000,3979000,916,1991,1,18,미국,,12세 관람가 ,장르없음,안소니 만
320,캠퍼스의 봄,,267500,267500,214,214,1,4,한국,,,장르없음,안승혁
321,블랙아웃,,67000,67000,67,67,1,3,한국,,,장르없음,안진우
322,재앙의 묵시록,,411000,411000,136,136,1,2,영국,,,장르없음,안토니 버츠
323,인목대비,1962,2026000,7294000,1013,3661,1,15,한국,,,장르없음,안현철
324,21세기 성자,,45000,45000,9,9,1,2,네덜란드,,,장르없음,알라드 데티거
325,때가 되었다,,81000,81000,17,17,1,3,프랑스,,,장르없음,알랭 기로디
326,르네,,197000,197000,42,42,1,2,프랑스,,[국내] 전체 관람가,장르없음,알랭 카발리에
327,필름맨,,379000,379000,79,79,1,2,프랑스,,[국내] 전체 관람가,장르없음,알랭 카발리에
328,천국,,765000,765000,160,160,1,2,프랑스,,,장르없음,알랭 카발리에
329,허수아비,,57250,57250,22,22,1,5,브라질,,[국내] 전체 관람가,장르없음,알레 아브레우
330,어머니와 아들,,1386000,1386000,215,215,1,5,독일,,,장르없음,알렉산더 소쿠로프
331,대지,,823000,823000,128,128,1,3,러시아,,,장르없음,알렉산드르 도브젠코
332,길 잃은 사람들,,287000,287000,44,44,1,1,러시아,,[국내] 15세 관람가,장르없음,알렉세이 암브로시에프
333,내 모든 것을 다주어도,1977-01-01,2352000,2352000,1176,1176,1,29,미국,,,장르없음,알렌 라이즈너
334,기사에게 경배를,,248000,248000,48,48,1,3,스페인,,,장르없음,알베르 세라
335,새들의 노래,,272000,272000,56,56,1,3,스페인,,,장르없음,알베르 세라
336,나는 비밀을 알고 있다,,80000,202000,40,88,1,6,미국,,,장르없음,알프레드 히치콕
337,지하실의 멜로디,,518000,1085000,130,216,1,4,프랑스,,,장르없음,앙리 베르누이
338,보통사람들,,318000,732000,159,366,1,8,프랑스,,,장르없음,앙리 베르누이
339,25시,1978-07-07,451000,16584000,215,8210,1,12,프랑스,,[국내] 12세 관람가,장르없음,앙리 베르누이
340,마농,,186000,232000,39,48,1,2,프랑스,,,장르없음,앙리 조르주 클루조
341,판도라,,1988000,4759711,685,1155,1,21,영국,,,장르없음,앨버트 르윈
342,외로운 미망인:시아버지와 도련님,2018-01-26,6000,6000,1,1,1,1,일본,,[국내] 청소년 관람불가,장르없음,야노 티카라
343,하고싶은 형수님:형의 선물,2018-01-26,6000,6000,1,1,1,1,일본,,[국내] 청소년 관람불가,장르없음,야노 티카라
344,치인의 사랑,,1128000,1128000,160,160,1,3,일본,,,장르없음,마스무라 야스조
345,뒤죽박죽,,282000,282000,55,55,1,3,영국,,,장르없음,마이크 리
346,베라 드레이크,,1510000,1740000,211,262,1,3,영국,,,장르없음,마이크 리
347,시라노,,3021000,3263000,1493,1614,1,20,미국,,,장르없음,마이클 고든
348,필로우 토크,,826000,10964000,413,5483,1,29,미국,,12세 관람가 ,장르없음,마이클 고든
349,24시간 파티하는 사람들,,1214000,1214000,149,149,1,4,영국,,,장르없음,마이클 윈터바텀
350,로잘린,,393000,393000,62,62,1,2,한국,,,장르없음,마티아스 피녜이로
351,도둑맞은남자,,147000,705000,26,113,1,3,아르헨티나,,,장르없음,마티아스 피녜이로
352,마지막 버스,,22200,22200,89,89,1,2,슬로바키아,,,장르없음,"마틴 스노펙,이바나 라우치코바"
353,입맞춤,,202000,202000,46,46,1,3,일본,,,장르없음,만다 쿠니토시
354,퍼펙트 커플,2007-05-10,228000,1325000,47,267,1,3,일본,,[국내] 15세 관람가,장르없음,스와 노부히로
355,"항구의 건배, 승리를 나의 손에",,162000,162000,38,38,1,4,일본,,,장르없음,스즈키 세이준
356,러브레터,,177000,177000,41,41,1,4,일본,,,장르없음,스즈키 세이준
357,악마의 거리,,296000,296000,68,68,1,4,일본,,,장르없음,스즈키 세이준
358,킬링,,3210000,3284000,1590,1603,1,24,미국,,[국내] 12세 관람가,장르없음,스탠리 큐브릭
359,성전,,57500,57500,17,17,1,2,미국,,,장르없음,스티븐 마샬
360,밤으로의 긴 여로,,116000,4049000,58,2068,1,4,미국,,,장르없음,시드니 루멧
361,애마부인 미야코,2011-01-27,30000,30000,10,10,1,1,일본,,,장르없음,시모모토 사토시
362,영원,,266000,266000,34,34,1,8,태국,,[국내] 15세 관람가,장르없음,시바로지 콩사쿤
363,폭주미망인-다빌려드립니다,2018-07-30,6000,6000,1,1,1,1,일본,,[국내] 청소년 관람불가,장르없음,시즈미 다이케이
364,만종,1970,510000,510000,255,255,1,6,한국,,,장르없음,신상옥
365,삼일천하,1973-02-15,1576000,1576000,788,788,1,23,한국,,[국내] 전체 관람가,장르없음,신상옥
366,천년호,1969,860000,2078000,430,1039,1,21,한국,,,장르없음,신상옥
367,장한몽,1969,216000,4434000,108,2217,1,6,한국,,,장르없음,신상옥
368,효녀 심청,1972-11-17,790000,5075000,395,2535,1,8,한국,,[국내] 전체 관람가,장르없음,신상옥
369,다정불심,1967,1112000,6251000,556,3123,1,15,한국,,[국내] 청소년 관람불가,장르없음,신상옥
370,강화도령,1963,1961000,7811000,980,3905,1,25,한국,,,장르없음,신상옥
371,열녀문,1962,1760000,10696000,880,5097,1,23,한국,,,장르없음,신상옥
372,라라에게,,100500,100500,41,41,1,1,한국,,[국내] 15세 관람가,장르없음,신이수
373,섹스킹,,278750,278750,223,223,1,4,한국,,,장르없음,신주환
374,기념일,,22500,22500,9,9,1,1,한국,,,장르없음,심봉건
375,껍데기,,22500,22500,9,9,1,1,한국,,,장르없음,심봉건
376,남자와 기생,1969,30000,30000,3,3,1,1,한국,,[국내] 12세 관람가,장르없음,심우섭
377,남자식모,1968,981000,981000,480,480,1,20,한국,,,장르없음,심우섭
378,미로,,7000,7000,14,14,1,2,폴란드,,,장르없음,아그니에스제카 코왈체야키
379,창조물들,,266000,266000,54,54,1,3,프랑스,,[국내] 15세 관람가,장르없음,아녜스 바르다
380,행복,,6229000,6827000,953,1072,1,31,프랑스,,15세 관람가 ,장르없음,아녜스 바르다
381,돈으로 산 그녀의 정사,2018-10-05,6000,6000,1,1,1,1,일본,,[국내] 청소년 관람불가,장르없음,아라키 타로
382,성인식:남자로 만들어줄게,2018-03-05,6000,6000,1,1,1,1,일본,,[국내] 청소년 관람불가,장르없음,아마엔보 쇼군
383,커다란 두리안,,29000,29000,10,10,1,2,말레이시아,,,장르없음,아미르 무하마드
384,포스 오브 이블,,960000,960000,151,151,1,2,미국,,,장르없음,아브라함 폴론스키
385,금지된 사랑 : 나는 친구의 아내를…,2019-01-25,2000,2000,1,1,1,1,일본,,[국내] 청소년 관람불가,장르없음,아사기리 키요시
386,유레카,,1885000,1885000,276,276,1,3,일본,,,장르없음,아오야마 신지
387,몸으로 접대한 아내,2018-09-06,2000,2000,1,1,1,1,일본,,[국내] 청소년 관람불가,장르없음,아카바 키쿠지로
388,실화 섹스전화상담,2018-10-02,6000,6000,1,1,1,1,일본,,[국내] 청소년 관람불가,장르없음,아카바네 류지
389,젊은 직원 맛보기,2018-10-02,6000,6000,1,1,1,1,일본,,[국내] 청소년 관람불가,장르없음,아카바네 키쿠지로
390,친애하는 당신,,1290000,1290000,185,185,1,3,태국,,,장르없음,아핏차퐁 위라세타쿤
391,세계의 욕망 : 디지털 삼인삼색 2005,,0,5237500,0,785,1,1,한국,,,장르없음,"아핏차퐁 위라세타쿤,츠카모토 신야,송일곤"
392,시라 - 초승달의 노래,,47500,47500,14,14,1,2,스위스,,,장르없음,"아흐메드 압델 모흐센,산드라 기지"
393,우결,,248750,248750,199,199,1,8,한국,,,장르없음,안기창
394,진실한 사랑,,646000,2915000,323,1440,1,8,미국,,,장르없음,안드레 드 토스
395,머나먼 서부,,1867000,3979000,916,1991,1,18,미국,,12세 관람가 ,장르없음,안소니 만
396,캠퍼스의 봄,,267500,267500,214,214,1,4,한국,,,장르없음,안승혁
397,블랙아웃,,67000,67000,67,67,1,3,한국,,,장르없음,안진우
398,재앙의 묵시록,,411000,411000,136,136,1,2,영국,,,장르없음,안토니 버츠
399,인목대비,1962,2026000,7294000,1013,3661,1,15,한국,,,장르없음,안현철
400,21세기 성자,,45000,45000,9,9,1,2,네덜란드,,,장르없음,알라드 데티거
401,때가 되었다,,81000,81000,17,17,1,3,프랑스,,,장르없음,알랭 기로디
402,르네,,197000,197000,42,42,1,2,프랑스,,[국내] 전체 관람가,장르없음,알랭 카발리에
403,필름맨,,379000,379000,79,79,1,2,프랑스,,[국내] 전체 관람가,장르없음,알랭 카발리에
404,천국,,765000,765000,160,160,1,2,프랑스,,,장르없음,알랭 카발리에
405,허수아비,,57250,57250,22,22,1,5,브라질,,[국내] 전체 관람가,장르없음,알레 아브레우
406,어머니와 아들,,1386000,1386000,215,215,1,5,독일,,,장르없음,알렉산더 소쿠로프
407,대지,,823000,823000,128,128,1,3,러시아,,,장르없음,알렉산드르 도브젠코
408,길 잃은 사람들,,287000,287000,44,44,1,1,러시아,,[국내] 15세 관람가,장르없음,알렉세이 암브로시에프
409,내 모든 것을 다주어도,1977-01-01,2352000,2352000,1176,1176,1,29,미국,,,장르없음,알렌 라이즈너
410,기사에게 경배를,,248000,248000,48,48,1,3,스페인,,,장르없음,알베르 세라
411,새들의 노래,,272000,272000,56,56,1,3,스페인,,,장르없음,알베르 세라
412,나는 비밀을 알고 있다,,80000,202000,40,88,1,6,미국,,,장르없음,알프레드 히치콕
413,지하실의 멜로디,,518000,1085000,130,216,1,4,프랑스,,,장르없음,앙리 베르누이
414,보통사람들,,318000,732000,159,366,1,8,프랑스,,,장르없음,앙리 베르누이
415,25시,1978-07-07,451000,16584000,215,8210,1,12,프랑스,,[국내] 12세 관람가,장르없음,앙리 베르누이
416,마농,,186000,232000,39,48,1,2,프랑스,,,장르없음,앙리 조르주 클루조
417,판도라,,1988000,4759711,685,1155,1,21,영국,,,장르없음,앨버트 르윈
418,외로운 미망인:시아버지와 도련님,2018-01-26,6000,6000,1,1,1,1,일본,,[국내] 청소년 관람불가,장르없음,야노 티카라
419,하고싶은 형수님:형의 선물,2018-01-26,6000,6000,1,1,1,1,일본,,[국내] 청소년 관람불가,장르없음,야노 티카라
420,녹색 머리의 소년,,129000,129000,25,25,1,3,미국,,,장르없음,조셉 로지
421,"힙합, 세상은 너의 것",,204500,204500,50,50,1,3,프랑스,,,장르없음,조슈아 애테시 라이틀
422,백장미,1995-01-14,114000,114000,57,57,1,1,홍콩,,[국내] 청소년 관람불가,장르없음,조양준
423,인투 포커스,,436000,436000,392,392,1,5,한국,,,장르없음,조영준
424,선생님의 애완동물,,28000,444000,14,222,1,1,미국,,,장르없음,조지 시튼
425,타임 머신,,772000,3846000,381,1917,1,24,미국,,,장르없음,조지 펄
426,신혼부부의 성생활,2018-07-12,470000,470000,69,69,20,20,한국,,[국내] 청소년 관람불가,장르없음,조태호
427,황색바람,,65000,65000,18,18,1,2,한국,,,장르없음,조현준
428,절정을 맛본 아내 이야기,2017-07-06,6000,6000,1,1,1,1,일본,,[국내] 청소년 관람불가,장르없음,존 류지
429,후세인의 미친 노래,,194000,194000,39,39,1,2,미국,,,장르없음,존 지안비토
430,욕망의 상속자,,1200000,1200000,410,410,1,11,미국,,,장르없음,존 크롬웰
431,버드맨 오브 알카트라즈,,198000,1553000,99,548,1,5,미국,,,장르없음,존 프랑켄하이머
432,죽은자들,,446000,446000,92,92,1,3,영국,,,장르없음,존 휴스턴
433,포 페더스,,40000,40000,20,20,1,1,영국,,,장르없음,졸탄 코다
434,채리불: 천하제일권,2016-10-06,5000,5000,1,1,1,1,중국,,[국내] 12세 관람가,장르없음,주극
435,의사 안중근,1972-02-16,1184000,1184000,684,684,1,9,한국,,[국내] 전체 관람가,장르없음,주동진
436,존 웨인의 히프,,174000,646000,36,112,1,3,포르투갈,,,장르없음,주앙 세자르 몬테이로
437,남자로 죽다,,277000,277000,44,44,1,2,포르투갈,,,장르없음,주앙 페드로 로드리게스
438,모두 잘 지내고 있다오,,310000,522000,57,100,1,2,이탈리아,,,장르없음,쥬세페 토르나토레
439,단순한 형식,,799000,799000,141,141,1,14,이탈리아,,,장르없음,쥬세페 토르나토레
440,소문의 여자,2018-01-02,2000,2000,1,1,1,1,한국,,[국내] 청소년 관람불가,장르없음,지슬
441,아디오스 사바타,1972-04-20,96000,196000,48,86,1,1,스페인,,,장르없음,지안프랑코 파롤리니
442,황제의 검신,2018-06-28,30000,30000,30,30,5,30,중국,,[국내] 15세 관람가,장르없음,진진
443,서방님 따라서,1971,5456000,5456000,2723,2723,1,32,한국,,[국내] 청소년 관람불가,장르없음,진천
444,청소년 나타,,837000,837000,124,124,1,3,대만,,,장르없음,차이 밍 량
445,하류,,1388000,1388000,200,200,1,3,대만,,,장르없음,차이 밍 량
446,카르멘의 사랑,,20000,2226000,10,1113,1,2,미국,,15세 관람가 ,장르없음,찰스 비더
447,고스트스,,11398,11398,51,51,1,2,프랑스,,,장르없음,체에르체에르
448,미완성생활사,,12000,12000,3,3,1,1,중국,,,장르없음,총 펑
449,애와 사,1970,420000,420000,210,210,1,4,한국,,,장르없음,최경옥
450,눈물의 여인,1969,1042000,2204000,521,1102,1,11,한국,,,장르없음,최경옥
451,피어린 구월산,1965-09-22,18000,18000,3,3,1,1,한국,,,장르없음,최무룡
452,놈에게 복수하는 법,,20000,20000,8,8,1,1,한국,,,장르없음,"최미경,아오리"
453,감금,2018-05-17,2000,2000,1,1,1,1,한국,,[국내] 청소년 관람불가,장르없음,최석원
454,내딸 : 아찔한 동거,2018-03-08,2000,2000,1,1,1,1,한국,,[국내] 청소년 관람불가,장르없음,최석원
455,리턴,2018-06-22,2000,2000,1,1,1,1,한국,,[국내] 청소년 관람불가,장르없음,최석원
456,섹남섹녀,2018-04-26,2000,2000,1,1,1,1,한국,,[국내] 청소년 관람불가,장르없음,최석원
457,처제의 속사정,2017-09-07,2000,2000,1,1,1,1,한국,,[국내] 청소년 관람불가,장르없음,최석원
458,철없는 아내의 이중생활,2017-11-23,3000,3000,1,1,1,1,한국,,[국내] 청소년 관람불가,장르없음,최석원
459,유부녀 야썰,2017-12-05,5000,5000,1,1,1,1,한국,,[국내] 청소년 관람불가,장르없음,최석원
460,영시,,1158000,1158000,152,152,2,16,한국,,[국내] 15세 관람가,장르없음,최시형
461,10층의 모기,2011-03-10,158000,158000,32,32,1,3,일본,,,장르없음,최양일
462,민며느리,1965-09-10,1522000,5749000,761,2873,1,18,한국,,,장르없음,최은희
463,암굴왕,1968,858000,2887000,429,1441,1,17,한국,,,장르없음,최인현
464,아씨,,638000,6824000,319,3402,1,11,한국,,,장르없음,최인현
465,운전수업,,49000,49000,49,49,1,1,한국,,,장르없음,최재영
466,임팩트,,279000,279000,279,279,1,3,한국,,,장르없음,최재혁
467,그림자도 없다,,82000,82000,41,41,1,2,한국,,,장르없음,최창환
468,고슴도치 고슴,,63418,63418,74,74,1,3,한국,,,장르없음,최하나
469,초대받은 사람들,1981-10-24,58000,7125000,29,2505,1,4,한국,,[국내] 전체 관람가,장르없음,최하원
470,파문,1968,529000,529000,264,264,1,16,한국,,,장르없음,최훈
471,물망초,1969,182000,12172000,91,5399,1,8,한국,,,장르없음,최훈
472,남편몰래이웃남자와,2018-03-05,6000,6000,1,1,1,1,일본,,[국내] 청소년 관람불가,장르없음,츠키카게 쿠로우
473,사라진 제국,,168000,168000,26,26,1,2,러시아,,,장르없음,카렌 샤크나자로브
474,토요일밤과 일요일아침,,300000,300000,150,150,1,12,영국,,,장르없음,카렐 라이츠
475,마법사를 사랑하라,,484000,484000,101,101,1,3,스페인,,,장르없음,카를로스 사우라
476,아내의 마사지:터져버린 샘물,2017-09-30,6000,6000,1,1,1,1,일본,(주) 영진크리에이티브,[국내] 청소년 관람불가,장르없음,카신 아츠코
477,아니메의 미래,,229331,229331,52,52,1,3,일본,,,장르없음,"카와마타 히로시,미야시타 신페이"
478,미인 여주인의 애욕일기,2017-07-27,6000,6000,1,1,1,1,일본,,[국내] 청소년 관람불가,장르없음,카와사키 군지
479,퍼블릭 아이,,39000,39000,8,8,1,1,영국,,,장르없음,캐롤 리드
480,뮌헨행 야간열차,,58000,58000,10,10,1,2,영국,,,장르없음,캐롤 리드
481,별들이 내려온다,,56000,56000,11,11,1,2,영국,,,장르없음,캐롤 리드
482,여우와 자전거,,47500,47500,19,19,1,2,네덜란드,,,장르없음,코니 베네덴
483,치한전철 음란코스,2018-09-06,6000,6000,1,1,1,1,일본,,[국내] 청소년 관람불가,장르없음,코야마 사토루
484,거유 출판사 여직원,2018-08-09,6000,6000,1,1,1,1,일본,,[국내] 청소년 관람불가,장르없음,코지마 유키오
485,연애희곡,,816000,816000,136,136,1,1,일본,,[국내] 12세 관람가,장르없음,코카미 쇼지
486,탕왕,,12000,12000,3,3,1,2,태국,,,장르없음,콩데이 자투라나사미
487,당신이 너무 만족스러워,2018-10-05,6000,6000,1,1,1,1,일본,,[국내] 청소년 관람불가,장르없음,쿠니자와 미노루
488,미래에서 온 육덕여친,2018-07-30,6000,6000,1,1,1,1,일본,,[국내] 청소년 관람불가,장르없음,쿠니자와 미노루
489,아이돌의 속옷구경,2018-10-05,6000,6000,1,1,1,1,일본,,[국내] 청소년 관람불가,장르없음,쿠니자와 미노루
490,판타스틱 신드롬,,56000,56000,19,19,1,2,일본,,,장르없음,쿠준
491,사이공,1989-06-17,63000,63000,21,21,1,1,미국,,,장르없음,크리스토퍼 크로우
492,시티 빌로우,,190000,190000,39,39,1,3,독일,,,장르없음,크리스토프 호흐호이슬러
493,볼프스부르크,,198000,198000,42,42,1,3,독일,,,장르없음,크리스티안 펫졸드
494,보험 설계사의 은밀한 영업,2018-01-25,6000,6000,1,1,1,1,일본,,[국내] 청소년 관람불가,장르없음,크왓치
495,브리지,,492000,786000,108,170,1,3,미국,,,장르없음,클린트 이스트우드
496,여대생의 오일마사지,2017-09-28,30000,30000,5,5,1,2,일본,,[국내] 청소년 관람불가,장르없음,키무라 켄지
497,쿠단,,910,910,10,10,1,1,일본,,,장르없음,키무라 타쿠
498,금지된 장난: 시아주버니,2018-03-05,6000,6000,1,1,1,1,일본,,[국내] 청소년 관람불가,장르없음,키탄
499,할렐루야,,48000,48000,11,11,1,3,미국,,,장르없음,킹 비더
500,빅 퍼레이드,,218000,306000,47,66,1,4,미국,,,장르없음,킹 비더
501,OL 러브채팅,,35000,35000,7,7,1,1,일본,,[국내] 청소년 관람불가,장르없음,타지리 유지
502,경련,,21000,1225000,6,248,1,1,일본,,,장르없음,타지리 유지
503,평일낮의 아내 도촬,2018-07-12,6000,6000,1,1,1,1,일본,,[국내] 청소년 관람불가,장르없음,타카사카 유타
504,완벽한 여비서,2017-11-17,5000,5000,1,1,1,1,일본,,[국내] 청소년 관람불가,장르없음,타카오카 주이치
505,옆집 유부녀의 가슴,2017-06-22,6000,6000,1,1,1,1,일본,,[국내] 청소년 관람불가,장르없음,타카하시 카즈히코
506,젖은 애인백서,2018-09-06,6000,6000,1,1,1,1,일본,,[국내] 청소년 관람불가,장르없음,타케호라 테츠야
507,사랑은 이긴다,,427000,427000,63,63,1,3,말레이시아,,,장르없음,탄 추이무이
508,인간의 시간,,6000,6000,1,1,1,1,한국,,,장르없음,태준식
509,환희의 집,,340000,340000,68,68,1,3,영국,,,장르없음,테렌스 데이비스
510,늑대인간의 저주,,377000,377000,67,67,1,3,영국,,,장르없음,테렌스 피셔
511,크럼,,102000,302000,17,60,1,2,미국,,,장르없음,테리 즈위고프
512,외로운 아줌마의 성욕,2019-01-28,2000,2000,1,1,1,1,일본,,[국내] 청소년 관람불가,장르없음,테에자가
513,거유 며느리의 손님,2018-08-23,6000,6000,1,1,1,1,일본,,[국내] 청소년 관람불가,장르없음,테이 쟈가
514,다시 사랑한 형수님,2018-08-23,6000,6000,1,1,1,1,일본,,[국내] 청소년 관람불가,장르없음,테이 쟈가
515,빨간 아내-몽유정사,2018-08-23,6000,6000,1,1,1,1,일본,,[국내] 청소년 관람불가,장르없음,테이 쟈가
516,어장관리 유부녀,2018-08-23,6000,6000,1,1,1,1,일본,,[국내] 청소년 관람불가,장르없음,테이 쟈가
517,여주인과 노천탕에서,2018-08-23,6000,6000,1,1,1,1,일본,,[국내] 청소년 관람불가,장르없음,테이 쟈가
518,욕정 도련님과 형수,2018-08-23,6000,6000,1,1,1,1,일본,,[국내] 청소년 관람불가,장르없음,테이 쟈가
519,육욕의 속옷모델,2018-08-23,6000,6000,1,1,1,1,일본,,[국내] 청소년 관람불가,장르없음,테이 쟈가
520,귀여운 형수님 - 제부,2017-03-02,8000,8000,1,1,1,1,일본,,[국내] 청소년 관람불가,장르없음,테이 쟈가
521,남편에겐 절대 비밀,2017-03-02,8000,8000,1,1,1,1,일본,,[국내] 청소년 관람불가,장르없음,테이 쟈가
522,세이프,,190000,190000,39,39,1,2,미국,,,장르없음,토드 헤인즈
523,포이즌,,365000,365000,68,68,1,4,미국,,,장르없음,토드 헤인즈
524,맑은 영혼들의 노래,,25000,25000,8,8,1,2,독일,,,장르없음,토머스 리델샤이머
525,은밀한쇼-달의장,2018-08-24,2000,2000,1,1,1,1,일본,,[국내] 청소년 관람불가,장르없음,토모마츠 나오유키
526,테러리스트들,,125000,125000,25,25,1,2,독일,,,장르없음,툰스카 판시티보라쿨
527,그린 파파야 향기,1994-07-30,2181000,2181000,1078,1078,1,26,프랑스,,[국내] 12세 관람가,장르없음,트란 안 홍
528,벌거벗은 공간: 지속되는 삶,,28000,28000,4,4,1,2,미국,,,장르없음,트린 민하
529,재집합,,49000,49000,7,7,1,2,미국,,,장르없음,트린 민하
530,밤의 여로,,34000,87000,5,16,1,2,미국,,,장르없음,트린 민하
531,사랑의 동화,,82000,163000,12,29,1,2,미국,,,장르없음,트린 민하
532,거리의 악사,,1544000,3721000,772,1853,1,18,영국,,,장르없음,팀 웰랜
533,팔코네 기숙사,,51000,72000,39,55,1,2,이탈리아,,,장르없음,파스콸레 시메카
534,알롱상팡,,104000,150000,21,30,1,2,이탈리아,,,장르없음,"파올로 타비아니,비토리오 타비아니"
535,녹색의 해,,386000,386000,60,60,1,2,포르투갈,,,장르없음,파울로 로샤
536,러너,,65596,65596,92,92,1,2,독일,,,장르없음,파커 엘러만
537,선탠하는 사람들 2,,318000,394000,40,56,1,2,프랑스,,,장르없음,파트리스 르꽁트
538,로마,,116000,116000,25,25,1,3,이탈리아,,,장르없음,페데리코 펠리니
539,뼈,,210000,210000,43,43,1,3,포르투갈,,,장르없음,페드로 코스타
540,아무 것도 바꾸지 마라,,706000,706000,132,132,1,3,포르투갈,,,장르없음,페드로 코스타
541,피,,1198000,1198000,186,186,1,5,포르투갈,,,장르없음,페드로 코스타
542,반다의 방,,1147000,1605000,158,252,1,2,포르투갈,,,장르없음,페드로 코스타
543,"보르헤스, 시 속의 삶",,140000,140000,20,20,1,2,스페인,,,장르없음,페르난도 아라발
544,라 트라비아타,2015-08-12,22570500,22570500,1408,1408,12,96,영국,,[국내] 전체 관람가,장르없음,페터 콘비츠니
545,수평선,,92521,92521,131,131,1,2,루마니아,,,장르없음,폴 네고에스쿠
546,로잔나포에버,1997-12-13,168000,168000,84,84,1,1,미국,,[국내] 15세 관람가,장르없음,폴 웨이랜드
547,사람은 무엇으로 살아가나,,489000,489000,69,69,1,3,한국,,,장르없음,표민수
548,영원한 아이,,30000,30000,6,6,1,1,이란,,,장르없음,푸란 데라크샨데
549,아라쉬의 꿈,,50000,50000,10,10,1,1,이란,,,장르없음,푸란 데라크샨데
550,엠마뉴엘 2,1995-05-20,335000,335000,109,109,1,5,프랑스,허스키,청소년 관람불가 ,장르없음,프란시스 기아코베티
551,피니안의 무지개,,354000,354000,55,55,1,4,미국,,,장르없음,프란시스 포드 코폴라
552,칸티가의 안마당,2015-09-09,111000,111000,17,17,1,2,포르투갈,,[국내] 12세 관람가,장르없음,프란시스코 리베이루
553,하루 동안의 숙녀,,274000,274000,52,52,1,3,미국,,,장르없음,프랭크 카프라
554,홀 인 더 헤드,,1426000,1562000,713,741,1,8,미국,,,장르없음,프랭크 카프라
555,아카토네,,274000,274000,57,57,1,4,이탈리아,,,장르없음,피에르 파올로 파솔리니
556,매와 참새,,452000,452000,105,105,1,4,이탈리아,,,장르없음,피에르 파올로 파솔리니
557,밤임에도 불구하고,,260000,260000,53,53,1,3,프랑스,,,장르없음,필립 그랑드리외
558,몽키 비지니스,,686000,1392000,126,474,1,4,미국,,12세 관람가 ,장르없음,하워드 혹스
559,815 군산 : 돼지의 최후,,2000000,2000000,400,400,1,10,한국,,[국내] 15세 관람가,장르없음,한기중
560,가정부 길들이기,2018-12-26,938000,938000,169,169,20,20,한국,,[국내] 청소년 관람불가,장르없음,한동호
561,미움이 변하여,1972-08-03,492000,1350000,246,675,1,6,한국,,[국내] 전체 관람가,장르없음,한상훈
562,"일곱 살, 내가 태어난 이유",,25000,25000,7,7,1,2,독일,,,장르없음,"한스-헬무트 그로탼,안톄 스타로스트"
563,서브휴먼,,148690,148690,137,137,1,8,한국,,,장르없음,한재현
564,왕자 호동,,422000,3749000,227,1888,1,14,한국,,,장르없음,한형모
565,귀여운 여인,,543000,543000,75,75,1,3,대만,,,장르없음,허우 샤오시엔
566,고향의 푸른 잔디,,128000,699000,20,139,1,2,대만,,,장르없음,허우 샤오시엔
567,펑꾸이에서 온 소년,,2422500,2422500,360,360,2,12,대만,,,장르없음,허우 샤오시엔
568,동동의 여름방학,2008-06-10,1507000,3414000,232,573,1,6,대만,,,장르없음,허우 샤오시엔
569,연연풍진,,1968000,8497500,278,1291,1,12,대만,,,장르없음,허우 샤오시엔
570,옥화의 집,,545000,611000,109,120,1,3,한국,,,장르없음,허철녕
571,미스터 홉스 휴가 가다,,408000,408000,204,204,1,9,미국,,,장르없음,헨리 코스터
572,야성녀,1957-01-01,266000,3417000,133,1702,1,15,미국,,,장르없음,헨리 킹
573,네바다 스미스,,51000,143000,17,63,1,1,미국,,,장르없음,헨리 해서웨이
574,황야의 역마차,,256000,4842000,125,2450,1,8,미국,,,장르없음,헨리 해서웨이
575,알래스카의 혼,1961-02-25,1777000,7842000,827,3415,1,29,미국,,12세 관람가 ,장르없음,헨리 해서웨이
576,최종면접,,168690,168690,157,157,1,8,한국,,,장르없음,현문섭
577,오하마나,,377500,377500,63,63,1,3,한국,,,장르없음,현우민
578,샤부 야쿠자,,96000,96000,24,24,1,1,일본,,,장르없음,호소노 타츠오키
579,과월 사랑세 납부고지서,,409000,409000,409,409,1,3,한국,,,장르없음,홍석재
580,별아 내 가슴에,1958-05-31,6702000,6702000,1601,1601,1,25,한국,,,장르없음,홍성기
581,개,,49000,49000,49,49,1,1,한국,,,장르없음,홍성원
582,깨미,2011-02-28,4125,4125,7,7,1,2,한국,,[국내] 전체 관람가,장르없음,홍원기
583,"괴물, 유령, 자유인",,369000,369000,55,55,1,3,한국,,,장르없음,홍지영
584,네일샵의 미인 여주인,2018-08-09,6000,6000,1,1,1,1,일본,,[국내] 청소년 관람불가,장르없음,후지모리 나카오
585,육감적인 물리치료사,2018-08-09,6000,6000,1,1,1,1,일본,,[국내] 청소년 관람불가,장르없음,후지모리 나카오
586,취준 여대생 마사지,2018-06-07,6000,6000,1,1,1,1,일본,,[국내] 청소년 관람불가,장르없음,후지모리 준이치
587,풍속녀 도촬성공,2018-07-12,6000,6000,1,1,1,1,일본,,[국내] 청소년 관람불가,장르없음,후지타 마키
588,마법의 온천,,14845,14845,18,18,1,1,일본,,,장르없음,후쿠시마 요시키
589,굿모닝 투 더 월드,,215000,215000,43,43,1,2,일본,,,장르없음,히로하라 사토루
590,하이 눈,,464000,464000,232,232,1,13,홍콩,,,장르없음,맥희인
591,4시의 악마,,602000,602000,301,301,1,14,미국,,,장르없음,머빈 르로이
592,나쁜종자,,1082000,1082000,536,536,1,16,미국,,,장르없음,머빈 르로이
593,퀴리부인,1946-12-01,2432000,3210000,1216,1605,1,28,미국,,,장르없음,머빈 르로이
594,뿌양의 첫경험,,50000,50000,10,10,1,1,일본,,[국내] 청소년 관람불가,장르없음,메이케 미츠루
595,루시와 목소리의 대결,,122980,122980,175,175,1,2,멕시코,,,장르없음,모니카 에레라
596,육식계 간호사,2017-08-17,6000,6000,1,1,1,1,일본,,[국내] 청소년 관람불가,장르없음,모치나가 히토시
597,앤티 맘,,786000,786000,393,393,1,12,미국,,,장르없음,모튼 다코스타
598,순수의 순간,,96000,96000,32,32,1,3,이란,,전체 관람가 ,장르없음,모흐센 마흐말바프
599,단란한 가족: 너무 하고싶어요,2017-09-30,6000,6000,1,1,1,1,일본,(주) 영진크리에이티브,[국내] 청소년 관람불가,장르없음,무라야마 쿄스케
600,문감독 예고편 : 40MIN,2014-01-09,25000,684000,4,137,1,2,한국,브이지 픽쳐스,[국내] 청소년 관람불가,장르없음,문병곤
601,그녀,,20500,435500,14,429,1,2,한국,,,장르없음,문성혁
602,명도 미녀환,,70000,70000,16,16,1,3,일본,,,장르없음,미조구치 겐지
603,밤의 여인들,,128000,128000,28,28,1,3,일본,,,장르없음,미조구치 겐지
604,우타마로를 둘러싼 다섯 여인들,,119000,119000,31,31,1,4,일본,,,장르없음,미조구치 겐지
605,여배우 스마코의 사랑,,164000,164000,33,33,1,3,일본,,,장르없음,미조구치 겐지
606,유키 부인의 초상,,330000,330000,66,66,1,5,일본,,,장르없음,미조구치 겐지
607,정복된 사람들,,252000,252000,41,41,1,2,이탈리아,,,장르없음,미켈란젤로 안토니오니
608,자브리스키 포인트,,294000,1706000,65,320,1,4,미국,,,장르없음,미켈란젤로 안토니오니
609,물방울 원피스의 유부녀,2018-07-30,6000,6000,1,1,1,1,일본,,[국내] 청소년 관람불가,장르없음,미타니 유키오
610,이해할 수 없는 사랑,,107000,107000,17,17,1,1,러시아,,[국내] 15세 관람가,장르없음,미하일 루카체프스키
611,기적,,721000,721000,103,103,1,3,한국,,[국내] 12세 관람가,장르없음,민병훈
612,열병,,58500,58500,39,39,1,3,한국,,,장르없음,민용근
613,미안합니다,,78000,78000,45,45,1,4,한국,,,장르없음,박명랑
614,내사랑 제제,,10000,10000,2,2,1,1,한국,,,장르없음,박배일
615,처음엔 다 그래,2017-09-14,950000,950000,176,176,16,16,한국,,[국내] 청소년 관람불가,장르없음,박선재
616,플라잉 피그,,24400,24400,21,21,1,2,한국,,,장르없음,박성미
617,열두 살,,360000,360000,51,51,1,3,한국,,,장르없음,박성진
618,경계인들,2018-10-12,72000,228000,11,31,1,2,한국,,[국내] 12세 관람가,장르없음,"박소진,배세웅"
619,제주도 야한밤,2018-03-29,1000,1000,1,1,1,1,한국,,[국내] 청소년 관람불가,장르없음,박은석
620,"괜찮아, 임마",,26400,26400,22,22,1,2,한국,,,장르없음,박인철
621,안녕 자지,,168603,168603,157,157,1,8,한국,,,장르없음,박자은
622,"믿거나 말거나, 찬드라의 경우",,144000,144000,144,144,1,2,한국,,,장르없음,박찬욱
623,미확인 미행물체,,19839,19839,17,17,1,4,한국,,,장르없음,백의정
624,혁명 전야,,1613000,1613000,247,247,1,6,이탈리아,,,장르없음,베르나르도 베르톨루치
625,음악으로 이루어진 세계,,466000,466000,70,70,1,2,독일,,,장르없음,베르너 헤어조크
626,"1,2,3 태양",,348000,348000,72,72,1,3,프랑스,,,장르없음,베르트랑 블리에
627,통행증,,526000,559000,112,123,1,2,프랑스,,,장르없음,베르트랑 타베르니에
628,엘 모비미엔토,,30000,30000,6,6,1,1,한국,,[국내] 15세 관람가,장르없음,벤자민 나이스타트
629,아시아에서 여성으로 산다는 것,,210000,210000,42,42,1,1,한국,,,장르없음,변영주
630,유혹,1969-12-06,994000,994000,497,497,1,6,한국,,,장르없음,변장호
631,청춘극장,1975-09-20,1572000,1572000,786,786,1,15,한국,,[국내] 12세 관람가,장르없음,변장호
632,눈물의 웨딩드레스,1973-07-21,3275000,3275000,1625,1625,1,26,한국,,,장르없음,변장호
633,할리마,,48343,48343,29,29,1,2,독일,,,장르없음,보리스 샤르슈미트
634,위험한 관계,1994-11-05,279000,279000,100,100,1,3,이탈리아,,[국내] 청소년 관람불가,장르없음,브루노 가부로
635,그레이트 레이스,,40000,40000,20,20,1,1,미국,,[국내] 12세 관람가,장르없음,블레이크 에드워즈
636,밀애,1971-08-20,93000,93000,37,37,1,3,미국,,,장르없음,블레이크 에드워즈
637,버섯,,155000,155000,31,31,1,2,인도,,,장르없음,비묵티 자야순다라
638,올다,,42000,42000,10,10,1,2,슬로바키아,,,장르없음,비에라 차카뇨바
639,구두닦이,,144000,144000,48,48,1,5,이탈리아,,,장르없음,비토리오 데 시카
640,나폴리의 황금,,1617000,4625000,806,2026,1,18,이탈리아,,,장르없음,비토리오 데 시카
641,신부의 아버지,,54000,2823000,27,1138,1,6,미국,,,장르없음,빈센트 미넬리
642,디자이닝 우먼,,1874000,4405000,937,2200,1,41,미국,,,장르없음,빈센트 미넬리
643,비장의 술수,,122000,202000,61,101,1,6,미국,,,장르없음,빌리 와일더
644,시간의 흐름 속으로,,1246000,1650000,189,272,1,8,독일,,,장르없음,빔 벤더스
645,화살의 질주,,72000,72000,16,16,1,2,미국,,,장르없음,사무엘 풀러
646,철모,,96000,96000,19,19,1,2,미국,,,장르없음,사무엘 풀러
647,파크 로우,,106000,106000,21,21,1,3,미국,,,장르없음,사무엘 풀러
648,대나무집,,132000,132000,26,26,1,2,미국,,,장르없음,사무엘 풀러
649,충격의 복도,,186000,186000,38,38,1,3,미국,,,장르없음,사무엘 풀러
650,40정의 총,,194000,194000,39,39,1,3,미국,,,장르없음,사무엘 풀러
651,절름발이 악마,,505000,505000,97,97,1,8,프랑스,,[국내] 15세 관람가,장르없음,사샤 기트리
652,제주: 년의 춤,,40000,40000,10,10,1,1,한국,,,장르없음,사유진
653,망가진 아이,,31136,31136,56,56,1,3,프랑스,,,장르없음,사이몬 필리어트
654,츠바사의 알몸 연극,2018-10-19,6000,6000,1,1,1,1,일본,,[국내] 청소년 관람불가,장르없음,사카키 히데오
655,보험왕의 육체계약,2018-10-12,6000,6000,1,1,1,1,일본,,[국내] 청소년 관람불가,장르없음,사카타 히로키
656,실전 에로틱 작업기술,2018-10-02,6000,6000,1,1,1,1,일본,,[국내] 청소년 관람불가,장르없음,사카타 히로키
657,유부녀 보험 영업,2018-08-09,6000,6000,1,1,1,1,일본,,[국내] 청소년 관람불가,장르없음,사카타 히로키
658,한여름의 풍만녀들,2018-07-05,6000,6000,1,1,1,1,일본,,[국내] 청소년 관람불가,장르없음,사카타 히로키
659,불륜정사,2011-02-18,30000,30000,10,10,1,1,일본,,[국내] 청소년 관람불가,장르없음,사토 히사야스
660,폭풍의 밤,,278000,278000,59,59,1,3,벨기에,,,장르없음,샹탈 애커만
661,집에서 온 소식,,344000,1734000,70,271,1,3,프랑스,,,장르없음,샹탈 애커만
662,"8월 26일, 세인트 헨리 거리",,27500,27500,8,8,1,2,캐나다,,,장르없음,섀넌 월쉬
663,전쟁과 평화 1부,,534000,534000,79,79,1,2,기타,,[국내] 전체 관람가,장르없음,세르게이 본다르추크
664,두 번째 바람,,51000,51000,51,51,1,2,러시아,,,장르없음,세르게이 치스
665,신의 말,,252000,252000,39,39,1,1,러시아,,[국내] 15세 관람가,장르없음,세르게이 포타포프
666,정력가 스님의 호색한 생활,2017-04-27,8000,8000,1,1,1,1,일본,,[국내] 청소년 관람불가,장르없음,세키네 카즈미
667,옥시즌,,75000,75000,15,15,1,2,몽고,,,장르없음,셍게도르지 잔치브도르지
668,숀벤 라이더,,580000,2517000,84,367,1,2,일본,,,장르없음,소마이 신지
669,파라다이스 호텔,,42500,42500,9,9,1,2,불가리아,,,장르없음,소피아 차벨라
670,너무 많이 본 사나이,,80000,80000,8,8,1,1,한국,,,장르없음,손재곤
671,파마하는 날,,3200,3200,4,4,1,1,한국,,,장르없음,송상현
672,오리엔테이션,,267500,267500,214,214,1,4,한국,,,장르없음,송윤희
673,태양의 길목,,85000,85000,17,17,1,2,중국,,,장르없음,송태가
674,쿠르쿠레 몬스터포즈,,13066,13066,54,54,1,3,인도,,,장르없음,수레시 에리야트
